Hotels,Price,Reviews,Location

"1. ITC Mughal, a Luxury Collection Resort & Spa, Agra","₹28,910",4.5 of 5 bubbles,Agra
"2. Holiday Inn Agra Mg Road, an IHG Hotel","₹8,986",5 of 5 bubbles,Agra
"3. Howard Plaza The Fern, Agra","₹3,897",4 of 5 bubbles,Agra
"4. Taj Hotel & Convention Centre, Agra","₹12,390",4.5 of 5 bubbles,Agra
"5. Trident, Agra","₹11,210",4.5 of 5 bubbles,Agra
Hotel Clarks Shiraz,"₹5,913",4 of 5 bubbles,Agra
6. Hotel Taj Resorts,"₹5,319",4 of 5 bubbles,Agra
7. Hotel Clarks Shiraz,"₹4,457",4 of 5 bubbles,Agra
8. Ramada Plaza by Wyndham Agra,"₹8,114",4.5 of 5 bubbles,Agra
9. The Grand Imperial,"₹8,968",4 of 5 bubbles,Agra
"10. Tajview, Agra-IHCL SeleQtions","₹10,030",4 of 5 bubbles,Agra
"Taj Hotel & Convention Centre, Agra","₹12,390",4.5 of 5 bubbles,Agra
"11. Aman Homestay, A Boutique Hotel","₹3,136",5 of 5 bubbles,Agra
12. The PL Palace,"₹5,599",4.5 of 5 bubbles,Agra
13. Hotel Alleviate,"₹2,394",4 of 5 bubbles,Agra
14. Hotel Taj Inn,"₹2,711",4 of 5 bubbles,Agra
"15. Parador, A Boutique Hotel","₹2,693",4.5 of 5 bubbles,Agra
Hotel Alleviate,"₹2,394",4 of 5 bubbles,Agra
16. Hotel Taj Galaxy,"₹1,499",4 of 5 bubbles,Agra
17. Hotel Sidhartha,"₹1,386",3.5 of 5 bubbles,Agra
18. Dayal Lodge - A Boutique Hotel,"₹1,795",4.5 of 5 bubbles,Agra
19. Hotel Amar,"₹4,118",3.5 of 5 bubbles,Agra
20. Taj Villa,"₹3,830",4 of 5 bubbles,Agra
The Grand Imperial,"₹8,968",4 of 5 bubbles,Agra
21. The Retreat Hotel,"₹4,405",4 of 5 bubbles,Agra
22. Hotel Maple Grand,"₹3,360",4.5 of 5 bubbles,Agra
23. Su-Koon Homestay,₹709,4.5 of 5 bubbles,Agra
24. Aaram Baagh By Pachar Group Agra,"₹4,480",4.5 of 5 bubbles,Agra
25. Hotel Orange,"₹4,254",4 of 5 bubbles,Agra
"ITC Mughal, a Luxury Collection Resort & Spa, Agra","₹28,910",4.5 of 5 bubbles,Agra
26. Hotel Kamal,"₹1,312",3 of 5 bubbles,Agra
27. Hotel Taj Plaza,₹825,3 of 5 bubbles,Agra
28. OYO 10454 Hotel Riviera,₹931,3 of 5 bubbles,Agra
29. Sun Hotel Agra,"₹1,815",3 of 5 bubbles,Agra
30. The Oberoi Amarvilas,"₹88,500",5 of 5 bubbles,Agra
Ramada Plaza by Wyndham Agra,"₹8,114",4.5 of 5 bubbles,Agra
The Westin Mumbai Garden City,"₹21,240",4.5 of 5 bubbles,Mumbai
1. Goldfinch Hotel Mumbai,"₹7,560",4.5 of 5 bubbles,Mumbai
2. The Lalit Mumbai,"₹12,824",4.5 of 5 bubbles,Mumbai
3. Sahara Star Hotel,"₹15,635",4.5 of 5 bubbles,Mumbai
4. Ibis Mumbai Airport Hotel,"₹11,799",4 of 5 bubbles,Mumbai
"5. Taj Lands End, Mumbai","₹21,830",4.5 of 5 bubbles,Mumbai
"Taj Mahal Tower, Mumbai","₹22,396",4.5 of 5 bubbles,Mumbai
6. Ramada Plaza by Wyndham Palm Grove,"₹12,144",4 of 5 bubbles,Mumbai
7. The Leela Mumbai,"₹15,340",4.5 of 5 bubbles,Mumbai
8. The Orchid Mumbai Vile Parle,"₹18,289",4.5 of 5 bubbles,Mumbai
9. The Fern - Goregaon,"₹10,837",5 of 5 bubbles,Mumbai
"10. Taj Mahal Tower, Mumbai","₹20,717",4.5 of 5 bubbles,Mumbai
The Westin Mumbai Powai Lake,"₹17,700",4.5 of 5 bubbles,Mumbai
11. Ginger Mumbai Andheri East,"₹7,279",4.5 of 5 bubbles,Mumbai
"12. Lemon Tree Premier, Mumbai International Airport","₹11,011",4.5 of 5 bubbles,Mumbai
13. Niranta Airport Transit Hotel & Lounge,"₹15,638",4 of 5 bubbles,Mumbai
"14. TRIDENT, BANDRA KURLA","₹19,175",4.5 of 5 bubbles,Mumbai
15. Novotel Mumbai Juhu Beach,"₹14,160",4 of 5 bubbles,Mumbai
Ramada Plaza by Wyndham Palm Grove,"₹13,207",4 of 5 bubbles,Mumbai
16. Residency Sarovar Portico,"₹10,650",4.5 of 5 bubbles,Mumbai
17. Hilton Mumbai International Airport,"₹15,323",4.5 of 5 bubbles,Mumbai
18. Mirage Hotel,"₹6,302",4 of 5 bubbles,Mumbai
19. Trident Hotel,"₹21,830",4.5 of 5 bubbles,Mumbai
20. Ascot Hotel,₹589,4 of 5 bubbles,Mumbai
"Lakeside Chalet, Mumbai - Marriott Executive Apartments","₹15,340",4.5 of 5 bubbles,Mumbai
"21. Ginger Mumbai, Goregaon","₹4,050",4.5 of 5 bubbles,Mumbai
22. Meluha The Fern Mumbai,"₹15,299",4.5 of 5 bubbles,Mumbai
23. The Shalimar Hotel,"₹5,840",4.5 of 5 bubbles,Mumbai
"24. Hotel BKC Crown - Near Trade Centre, Visa Consulate","₹4,284",5 of 5 bubbles,Mumbai
25. Hotel Accord,"₹3,529",4 of 5 bubbles,Mumbai
"InterContinental Marine Drive-Mumbai, an IHG Hotel","₹21,803",4.5 of 5 bubbles,Mumbai
26. Krishna Palace Hotel,"₹10,831",4 of 5 bubbles,Mumbai
27. Hotel Cliffton,"₹3,126",4.5 of 5 bubbles,Mumbai
28. Hotel Apex International,"₹1,326",4.5 of 5 bubbles,Mumbai
29. The Regale by Tunga,"₹7,019",4 of 5 bubbles,Mumbai
30. Siesta Andheri Hotel,"₹3,249",4 of 5 bubbles,Mumbai
"Lemon Tree Premier, Mumbai International Airport","₹12,374",4.5 of 5 bubbles,Mumbai
Palm 34,"₹6,191",5 of 5 bubbles,Jaipur
1. Clarks Amer,"₹6,274",4.5 of 5 bubbles,Jaipur
"2. Holiday Inn Jaipur City Centre, an IHG Hotel","₹15,281",4.5 of 5 bubbles,Jaipur
3. Hotel Sarang Palace,"₹2,128",4.5 of 5 bubbles,Jaipur
4. Sarovar Premiere Jaipur,"₹9,026",5 of 5 bubbles,Jaipur
5. The Fern Residency Jaipur,"₹4,334",5 of 5 bubbles,Jaipur
6. Chitra Katha - A Story Per Stay,"₹1,663",4.5 of 5 bubbles,Jaipur
"7. The Fern - An Ecotel Hotel, Jaipur","₹4,561",4.5 of 5 bubbles,Jaipur
8. ibis Jaipur Civil Lines,"₹5,039",4.5 of 5 bubbles,Jaipur
9. Hotel Rajasthan Palace Jaipur,"₹5,580",4.5 of 5 bubbles,Jaipur
10. The Lalit Jaipur,"₹8,258",4.5 of 5 bubbles,Jaipur
Palm 34,"₹6,191",5 of 5 bubbles,Jaipur
11. Jaipur Marriott Hotel,"₹8,850",4.5 of 5 bubbles,Jaipur
12. Regenta Central Jaipur,"₹3,057",5 of 5 bubbles,Jaipur
13. Sarovar Portico Jaipur,"₹3,484",4.5 of 5 bubbles,Jaipur
14. Leisure Inn Grand Chanakya,"₹2,929",4.5 of 5 bubbles,Jaipur
15. Vesta International,"₹3,063",4 of 5 bubbles,Jaipur
16. Ginger Jaipur,"₹3,695",4.5 of 5 bubbles,Jaipur
17. Hilton Jaipur,"₹11,800",4.5 of 5 bubbles,Jaipur
18. Nirwana Hometel Jaipur - A Sarovar Hotel,"₹3,681",4.5 of 5 bubbles,Jaipur
19. Ramada By Wyndham Jaipur North,"₹5,363",4 of 5 bubbles,Jaipur
20. Chokhi Dhani Resort,"₹9,439",4 of 5 bubbles,Jaipur
21. Radisson Blu Hotel Jaipur,"₹10,194",4.5 of 5 bubbles,Jaipur
22. Rani Mahal - A Heritage Hotel,"₹1,232",4.5 of 5 bubbles,Jaipur
23. Park Prime Jaipur,"₹2,791",4 of 5 bubbles,Jaipur
"24. Four Points by Sheraton Jaipur, City Square","₹11,236",4.5 of 5 bubbles,Jaipur
"25. Red Fox Hotel, Jaipur","₹4,758",4.5 of 5 bubbles,Jaipur
"26. Lemon Tree Premier, Jaipur","₹15,609",4.5 of 5 bubbles,Jaipur
27. Krishna Palace,"₹1,691",4 of 5 bubbles,Jaipur
28. Umaid Haveli Hotel and Resorts,"₹10,030",4.5 of 5 bubbles,Jaipur
29. Fort Chandragupt,"₹5,788",3 of 5 bubbles,Jaipur
30. Hotel Jaipur Central,"₹4,018",4 of 5 bubbles,Jaipur
"Ramada Plaza by Wyndham JHV Varanasi, Cantonment","₹15,624",4 of 5 bubbles,Varanasi
1. Stay Banaras,"₹5,095",5 of 5 bubbles,Varanasi
"2. Ramada Plaza by Wyndham JHV Varanasi, Cantonment","₹14,397",4 of 5 bubbles,Varanasi
3. Hotel Tridev,"₹4,173",4.5 of 5 bubbles,Varanasi
4. BrijRama Palace,"₹47,789",5 of 5 bubbles,Varanasi
"5. Taj Ganges, Varanasi","₹17,110",4.5 of 5 bubbles,Varanasi
BrijRama Palace,"₹47,789",5 of 5 bubbles,Varanasi
6. Hotel Temple on Ganges,"₹5,321",4 of 5 bubbles,Varanasi
7. Ganpati Guest House,"₹3,646",4.5 of 5 bubbles,Varanasi
8. Hotel Dolphin International,"₹5,750",4.5 of 5 bubbles,Varanasi
9. Hotel Buddha,"₹6,160",4 of 5 bubbles,Varanasi
10. Hotel Banaras Haveli,"₹4,094",4 of 5 bubbles,Varanasi
"Taj Ganges, Varanasi","₹17,110",4.5 of 5 bubbles,Varanasi
11. Om Vilas Benares,"₹5,672",5 of 5 bubbles,Varanasi
12. The Amayaa,"₹11,079",3.5 of 5 bubbles,Varanasi
13. Hotel Varanasi Inn,"₹3,123",4.5 of 5 bubbles,Varanasi
14. HosteLaVie Varanasi,"₹2,274",4.5 of 5 bubbles,Varanasi
15. Hotel Madin,"₹10,265",4 of 5 bubbles,Varanasi
Hotel Banaras Haveli,"₹4,094",4 of 5 bubbles,Varanasi
16. Hotel Rivera Palace,"₹2,514",4.5 of 5 bubbles,Varanasi
17. Hotel Sita,"₹8,454",4 of 5 bubbles,Varanasi
18. HHI Varanasi,"₹6,224",3 of 5 bubbles,Varanasi
19. Dwivedi Hotels Sri Omkar Palace,"₹7,182",4.5 of 5 bubbles,Varanasi
20. The India Benares,"₹5,824",4 of 5 bubbles,Varanasi
The Amayaa,"₹12,202",3.5 of 5 bubbles,Varanasi
21. Hotel Ganges Grand,"₹6,435",4 of 5 bubbles,Varanasi
22. Moustache Hostel Varanasi,"₹1,105",4.5 of 5 bubbles,Varanasi
23. Hotel Aadesh Palace,"₹3,920",4.5 of 5 bubbles,Varanasi
24. Le Lotus Grand,"₹3,220",4.5 of 5 bubbles,Varanasi
25. Diamond Hotel,"₹8,120",4 of 5 bubbles,Varanasi
Amritara Suryauday Haveli,"₹32,609",4.5 of 5 bubbles,Varanasi
"26. A Palace on the River, Rashmi Guest House","₹2,550",4 of 5 bubbles,Varanasi
"27. The Hideaway Bedzzz, Varanasi","₹5,096",4.5 of 5 bubbles,Varanasi
28. Palace on Ganges,"₹9,132",3 of 5 bubbles,Varanasi
29. Tara Guest House,"₹2,884",4 of 5 bubbles,Varanasi
30. Hotel Bachchan Palace,"₹1,681",4 of 5 bubbles,Varanasi
Hotel Tridev,"₹4,631",4.5 of 5 bubbles,Varanasi
The Holiday Villa Resort & Spa,"₹3,664",5 of 5 bubbles,Manali
1. Sun Park Resort Manali,"₹2,776",4.5 of 5 bubbles,Manali
2. The Orchard Greens Resort & Spa,"₹2,640",5 of 5 bubbles,Manali
3. Renest River Country Resort Manali,"₹4,032",4.5 of 5 bubbles,Manali
4. The Orchard Greens,"₹2,547",4.5 of 5 bubbles,Manali
5. The Orchid Hotel Manali,"₹6,159",5 of 5 bubbles,Manali
6. Snow Valley Resorts,"₹2,803",4.5 of 5 bubbles,Manali
7. The Holiday Villa Resort & Spa,"₹3,664",5 of 5 bubbles,Manali
8. The Manali Inn,"₹12,940",4.5 of 5 bubbles,Manali
9. Woodrock Hotel Manali,"₹5,645",4.5 of 5 bubbles,Manali
10. Grand Krisa Resort And Spa,"₹4,106",5 of 5 bubbles,Manali
The Holiday Villa Resort & Spa,"₹3,664",5 of 5 bubbles,Manali
11. Honeymoon Inn Manali,"₹3,735",4.5 of 5 bubbles,Manali
12. Hotel Mountain Top,"₹2,348",4.5 of 5 bubbles,Manali
13. Holiday Heights & Spa Manali,"₹2,326",5 of 5 bubbles,Manali
14. Manuallaya -The Resort Spa in the Himalayas,"₹7,711",4.5 of 5 bubbles,Manali
15. Hotel Satkar Residency,₹684,4.5 of 5 bubbles,Manali
16. Golden Tulip Manali,"₹2,800",4 of 5 bubbles,Manali
17. PARADISE-The Whitehouse Cafe,"₹5,600",5 of 5 bubbles,Manali
18. Hotel Apple Nest,"₹1,329",4.5 of 5 bubbles,Manali
19. Hotel Smugglers,"₹2,464",5 of 5 bubbles,Manali
20. Hil House Manali,"₹1,064",5 of 5 bubbles,Manali
21. The Himalayan,"₹11,234",4.5 of 5 bubbles,Manali
22. Manali Heights,"₹3,729",4 of 5 bubbles,Manali
23. Piccadily Manali,"₹3,811",3.5 of 5 bubbles,Manali
24. Hotel Himalayan Heights,"₹3,091",4.5 of 5 bubbles,Manali
25. Shingar Regency,"₹3,243",4.5 of 5 bubbles,Manali
26. Hotel Hadimba Palace,"₹2,097",3.5 of 5 bubbles,Manali
27. Hotel Snow View Manali,"₹2,786",4 of 5 bubbles,Manali
28. LE GRAND,"₹1,568",4 of 5 bubbles,Manali
29. Apple Country Resort,"₹1,07,665",4.5 of 5 bubbles,Manali
30. Hotel Meadows,,5 of 5 bubbles,Manali
Pullman New Delhi Aerocity,"₹21,830",5 of 5 bubbles,New Delhi
1. Radisson Blu Plaza Delhi Airport,"₹21,143",4.5 of 5 bubbles,New Delhi
2. The Lalit New Delhi,"₹18,880",4.5 of 5 bubbles,New Delhi
3. Hotel Novotel New Delhi Aerocity,"₹18,290",4.5 of 5 bubbles,New Delhi
4. ibis New Delhi Aerocity,"₹15,455",4 of 5 bubbles,New Delhi
5. The Muse Sarovar Portico New Delhi Kapashera,"₹19,603",5 of 5 bubbles,New Delhi
6. Radisson Blu Hotel New Delhi Paschim Vihar,"₹11,800",4.5 of 5 bubbles,New Delhi
7. Eros Hotel,"₹19,210",4.5 of 5 bubbles,New Delhi
"8. Lemon Tree Premier, Delhi Airport","₹20,170",4.5 of 5 bubbles,New Delhi
"9. Welcomhotel By ITC Hotels, Dwarka","₹13,340",4.5 of 5 bubbles,New Delhi
10. Hotel The Royal Plaza,"₹12,980",4 of 5 bubbles,New Delhi
Radisson Blu Plaza Delhi Airport,"₹21,143",4.5 of 5 bubbles,New Delhi
11. Pullman New Delhi Aerocity,"₹21,830",5 of 5 bubbles,New Delhi
12. The Park New Delhi,"₹19,056",4 of 5 bubbles,New Delhi
"13. Red Fox Hotel, Delhi Airport","₹10,913",4.5 of 5 bubbles,New Delhi
14. Hotel Hari Piorko,"₹2,744",4 of 5 bubbles,New Delhi
15. Hotel Ajanta,"₹3,961",4 of 5 bubbles,New Delhi
Pullman New Delhi Aerocity,"₹21,830",5 of 5 bubbles,New Delhi
16. Radisson Blu Marina Connaught Place,"₹16,869",4 of 5 bubbles,New Delhi
17. The Metropolitan Hotel & Spa,"₹14,750",4 of 5 bubbles,New Delhi
18. Hotel Meridian Plaza,"₹2,970",4.5 of 5 bubbles,New Delhi
19. Bloomrooms @ New Delhi Railway Station,"₹5,141",4.5 of 5 bubbles,New Delhi
20. Ramada by Wyndham New Delhi Pitampura,"₹6,171",4.5 of 5 bubbles,New Delhi
21. Jaypee Siddharth,"₹11,706",4.5 of 5 bubbles,New Delhi
22. Hotel Le Roi Delhi,"₹1,910",4 of 5 bubbles,New Delhi
23. The Ashtan Sarovar Portico,"₹6,753",4 of 5 bubbles,New Delhi
24. Hyatt Centric Janakpuri New Delhi,"₹12,980",4 of 5 bubbles,New Delhi
25. Hotel Pink City,"₹1,242",4.5 of 5 bubbles,New Delhi
"Holiday Inn New Delhi Int'L Airport, an IHG Hotel","₹21,357",4.5 of 5 bubbles,New Delhi
26. Hotel Delhi Aerocity,"₹1,898",4 of 5 bubbles,New Delhi
"27. Foxoso Hotel, Delhi Airport","₹4,189",4 of 5 bubbles,New Delhi
28. Roseate House,"₹40,804",5 of 5 bubbles,New Delhi
"29. Taj Palace, New Delhi","₹29,500",4.5 of 5 bubbles,New Delhi
30. IIDL Suites New Delhi,"₹29,701",4 of 5 bubbles,New Delhi
Vedic Village Spa Resort,"₹9,317",4 of 5 bubbles,Kolkata
1. Polo Floatel Kolkata,"₹5,059",5 of 5 bubbles,Kolkata
2. The Park Kolkata,"₹9,416",4.5 of 5 bubbles,Kolkata
3. The Oberoi Grand,"₹12,390",5 of 5 bubbles,Kolkata
"4. Holiday Inn Kolkata Airport, an IHG Hotel","₹6,810",4.5 of 5 bubbles,Kolkata
5. The Lalit Great Eastern Kolkata,"₹9,440",5 of 5 bubbles,Kolkata
Novotel Kolkata Hotel and Residences,"₹9,440",4.5 of 5 bubbles,Kolkata
"6. Lemon Tree Premier, New Town, Kolkata","₹6,576",5 of 5 bubbles,Kolkata
7. Howard Johnson by Wyndham Kolkata,"₹5,483",4.5 of 5 bubbles,Kolkata
8. The Westin Kolkata Rajarhat,"₹10,620",5 of 5 bubbles,Kolkata
9. Ibis Kolkata Rajarhat,"₹3,919",4.5 of 5 bubbles,Kolkata
10. Novotel Kolkata Hotel and Residences,"₹9,440",4.5 of 5 bubbles,Kolkata
Howard Johnson by Wyndham Kolkata,"₹4,807",4.5 of 5 bubbles,Kolkata
11. The Peerless Inn,"₹5,271",4 of 5 bubbles,Kolkata
12. Pride Plaza Hotel Kolkata,"₹5,600",4.5 of 5 bubbles,Kolkata
13. Senses Hotel,"₹6,795",4.5 of 5 bubbles,Kolkata
"14. Holiday Inn Express Kolkata Airport, an IHG Hotel","₹6,159",5 of 5 bubbles,Kolkata
15. Taj City Centre New Town,"₹10,620",4.5 of 5 bubbles,Kolkata
"16. ITC Royal Bengal, a Luxury Collection Hotel, Kolkata","₹14,160",5 of 5 bubbles,Kolkata
17. Vedic Village Spa Resort,"₹8,325",4 of 5 bubbles,Kolkata
18. Siamton Inn,"₹4,634",4.5 of 5 bubbles,Kolkata
19. The Lindsay,"₹4,117",3.5 of 5 bubbles,Kolkata
20. Ethnotel,"₹5,376",4 of 5 bubbles,Kolkata
The Park Kolkata,"₹9,416",4.5 of 5 bubbles,Kolkata
21. Monotel - Luxury Business Hotel,"₹4,155",4.5 of 5 bubbles,Kolkata
22. Park Prime Kolkata,"₹4,366",4 of 5 bubbles,Kolkata
23. Kempton Hotel,"₹5,885",4 of 5 bubbles,Kolkata
24. Hotel Aston International,"₹2,231",4 of 5 bubbles,Kolkata
25. Regenta Inn Larica,"₹2,441",4 of 5 bubbles,Kolkata
The Lalit Great Eastern Kolkata,"₹9,440",5 of 5 bubbles,Kolkata
26. Townhouse OAK Hotel Radiant,"₹3,687",4 of 5 bubbles,Kolkata
27. Zone By The Park Kolkata,"₹3,709",4 of 5 bubbles,Kolkata
"28. The Elgin Fairlawn, Kolkata","₹8,400",4 of 5 bubbles,Kolkata
29. The Moira Bed and Breakfast,"₹6,160",5 of 5 bubbles,Kolkata
30. Palm Village Resort,"₹1,635",3 of 5 bubbles,Kolkata
Ibis Kolkata Rajarhat,"₹3,919",4.5 of 5 bubbles,Kolkata
"Vivanta Chennai, IT Expressway","₹7,560",4.5 of 5 bubbles,Chennai
1. Grand Chennai By GRT Hotels,"₹8,310",4.5 of 5 bubbles,Chennai
2. The Park Chennai,"₹7,182",4.5 of 5 bubbles,Chennai
3. The Leela Palace Chennai,"₹13,050",5 of 5 bubbles,Chennai
4. Accord Chrome,"₹4,878",5 of 5 bubbles,Chennai
5. Novotel Chennai Sipcot,"₹4,978",5 of 5 bubbles,Chennai
GreenPark Chennai,"₹8,209",5 of 5 bubbles,Chennai
6. Hyatt Regency Chennai,"₹10,088",4.5 of 5 bubbles,Chennai
7. The Residency Towers Chennai,"₹9,418",4.5 of 5 bubbles,Chennai
8. ibis Chennai Sipcot Hotel,"₹3,359",4.5 of 5 bubbles,Chennai
"9. The Raintree Hotel, St.Mary's","₹7,565",4.5 of 5 bubbles,Chennai
10. The Accord Metropolitan,"₹7,889",4.5 of 5 bubbles,Chennai
Novotel Chennai Sipcot,"₹4,978",5 of 5 bubbles,Chennai
11. Novotel Chennai Chamiers Road,"₹7,832",5 of 5 bubbles,Chennai
"12. Vivanta Chennai, IT Expressway","₹7,560",4.5 of 5 bubbles,Chennai
13. GreenPark Chennai,"₹7,571",5 of 5 bubbles,Chennai
14. Clarion Hotel President,"₹5,152",4 of 5 bubbles,Chennai
15. Citadines OMR Chennai,"₹4,760",4.5 of 5 bubbles,Chennai
"Welcomhotel by ITC Hotels, Cathedral Road, Chennai","₹7,784",4.5 of 5 bubbles,Chennai
16. The Residency,"₹5,017",4.5 of 5 bubbles,Chennai
17. Radisson Blu Hotel Chennai City Centre,"₹8,344",4.5 of 5 bubbles,Chennai
18. Hotel Southern Comfort,"₹4,112",4 of 5 bubbles,Chennai
19. E Hotel,"₹6,159",4.5 of 5 bubbles,Chennai
20. La Woods Hotel,"₹4,312",4.5 of 5 bubbles,Chennai
The Kings Park Grand,"₹4,083",3.5 of 5 bubbles,Chennai
21. Raj Park Chennai,"₹2,979",3.5 of 5 bubbles,Chennai
22. Taj Club House,"₹7,056",4.5 of 5 bubbles,Chennai
23. Harrisons Hotel,"₹3,149",3.5 of 5 bubbles,Chennai
24. ibis Chennai OMR,"₹3,580",4.5 of 5 bubbles,Chennai
25. VGP Golden Beach Resort,"₹4,641",3 of 5 bubbles,Chennai
Taj Club House,"₹7,056",4.5 of 5 bubbles,Chennai
26. Taj Wellington Mews Chennai,"₹7,280",4.5 of 5 bubbles,Chennai
27. The Lotus Hotel Sameera,"₹4,536",4 of 5 bubbles,Chennai
28. Hotel Park Elanza Nungambakkam,"₹5,039",4 of 5 bubbles,Chennai
29. Fortel,"₹4,598",3.5 of 5 bubbles,Chennai
30. The Kings Park Grand,"₹3,773",3.5 of 5 bubbles,Chennai
The Raintree Hotel Anna Salai,"₹7,838",4.5 of 5 bubbles,Chennai
Welcomhotel By ITC Hotels Shimla,"₹12,980",5 of 5 bubbles,Shimla
1. Snow Valley Heights,"₹5,022",5 of 5 bubbles,Shimla
2. Larisa Shimla,"₹6,048",5 of 5 bubbles,Shimla
"3. The Oberoi Cecil, Shimla","₹15,340",5 of 5 bubbles,Shimla
4. Welcomhotel By ITC Hotels Shimla,"₹12,980",5 of 5 bubbles,Shimla
5. Marigold Sarovar Portico Shimla,"₹4,367",4.5 of 5 bubbles,Shimla
Radisson Jass Shimla,"₹10,030",4 of 5 bubbles,Shimla
6. Snow Valley Resorts,"₹4,659",4.5 of 5 bubbles,Shimla
7. The Orchid Shimla,"₹6,303",5 of 5 bubbles,Shimla
8. The Manor Luxury Service Apartments,"₹10,531",5 of 5 bubbles,Shimla
9. Hotel Silverine,"₹2,847",4 of 5 bubbles,Shimla
10. Clarkes Hotel,"₹9,735",4.5 of 5 bubbles,Shimla
Snow Valley Heights,"₹5,286",5 of 5 bubbles,Shimla
11. Honeymoon Inn Shimla,"₹5,376",4.5 of 5 bubbles,Shimla
12. Shimla British Resort,"₹3,104",4 of 5 bubbles,Shimla
13. Hotel Willow Banks,"₹7,755",4 of 5 bubbles,Shimla
14. Hotel Combermere,"₹5,608",4 of 5 bubbles,Shimla
15. Woodville Palace Hotel,"₹4,676",3.5 of 5 bubbles,Shimla
East Bourne Resort & Spa,"₹16,302",4 of 5 bubbles,Shimla
16. The Bodhi Tree BNB,"₹2,490",4.5 of 5 bubbles,Shimla
17. Ashiana Clarks Inn,"₹2,946",4 of 5 bubbles,Shimla
18. HPTDC Hotel Holiday Home,"₹2,900",3.5 of 5 bubbles,Shimla
19. Hotel Baljees Regency,"₹4,175",4.5 of 5 bubbles,Shimla
20. Royale Retreat,"₹5,723",4.5 of 5 bubbles,Shimla
Honeymoon Inn Shimla,"₹5,376",4.5 of 5 bubbles,Shimla
21. The Legacy Shimla,"₹2,569",3.5 of 5 bubbles,Shimla
22. Koti Resort,"₹3,780",4 of 5 bubbles,Shimla
"23. Summit Le Royale Hotel, Shimla","₹3,902",4.5 of 5 bubbles,Shimla
"24. The Hosteller Kufri, Shimla","₹1,783",4.5 of 5 bubbles,Shimla
25. Treebo Trend Varuna,"₹3,098",3.5 of 5 bubbles,Shimla
Snow Valley Resorts,"₹4,201",4.5 of 5 bubbles,Shimla
26. The Cedar Grand Hotel & Spa,"₹7,660",4 of 5 bubbles,Shimla
27. Aachman Nature Valley Resort,"₹2,015",4 of 5 bubbles,Shimla
28. Hotel Himalayan Escape,"₹1,862",4 of 5 bubbles,Shimla
29. Hotel Windsor,"₹2,107",4 of 5 bubbles,Shimla
30. Hotel Chaman Palace,"₹1,240",3.5 of 5 bubbles,Shimla
Hotel Marina,"₹12,744",4 of 5 bubbles,Shimla
"ITC Gardenia, a Luxury Collection Hotel, Bengaluru","₹29,430",5 of 5 bubbles,Bengaluru
1. Davanam Sarovar Portico Suites,"₹6,247",4.5 of 5 bubbles,Bengaluru
2. Angsana Oasis Spa & Resort,"₹10,726",4.5 of 5 bubbles,Bengaluru
3. Hotel Royal Orchid Bangalore,"₹11,084",4.5 of 5 bubbles,Bengaluru
4. Palm Meadows Resort,"₹10,767",4.5 of 5 bubbles,Bengaluru
5. Royal Orchid Resort & Convention Centre,"₹13,443",4.5 of 5 bubbles,Bengaluru
"Welcomhotel by ITC Hotels, Richmond Road, Bengaluru","₹17,228",4.5 of 5 bubbles,Bengaluru
6. The Lalit Ashok,"₹12,574",4.5 of 5 bubbles,Bengaluru
"7. Sarovar Portico Outer Ring Road, Bengaluru","₹4,842",5 of 5 bubbles,Bengaluru
"8. Radisson Blu Hotel, Bengaluru Outer Ring Road","₹12,319",4.5 of 5 bubbles,Bengaluru
9. Grand Mercure Bengaluru at Gopalan Mall,"₹16,461",5 of 5 bubbles,Bengaluru
10. The Chancery Pavilion,"₹22,302",4 of 5 bubbles,Bengaluru
11. The Park Bangalore,"₹17,464",4.5 of 5 bubbles,Bengaluru
12. Royal Orchid Central,"₹12,462",4.5 of 5 bubbles,Bengaluru
"13. Lemon Tree Hotel, Whitefield, Bengaluru","₹14,991",4.5 of 5 bubbles,Bengaluru
14. Olive Whitefield By Embassy Group,"₹3,359",5 of 5 bubbles,Bengaluru
15. Wonderla Resort,"₹6,720",4.5 of 5 bubbles,Bengaluru
"Welcomhotel by ITC Hotels, Richmond Road, Bengaluru","₹17,228",4.5 of 5 bubbles,Bengaluru
16. Signature Club Resort,"₹6,113",4.5 of 5 bubbles,Bengaluru
17. Svenska Design Hotel,"₹4,951",4.5 of 5 bubbles,Bengaluru
18. Gokulam Grand Hotel & Spa,"₹7,335",4.5 of 5 bubbles,Bengaluru
19. ibis Bengaluru City Centre,"₹8,298",4.5 of 5 bubbles,Bengaluru
20. Bloom Hotel - Bengaluru Airport,"₹4,469",5 of 5 bubbles,Bengaluru
"The Ritz-Carlton, Bangalore","₹79,945",4.5 of 5 bubbles,Bengaluru
21. Our Native Village Eco Resort,"₹6,854",4 of 5 bubbles,Bengaluru
22. The Windflower Prakruthi Bangalore,"₹10,170",4 of 5 bubbles,Bengaluru
23. Holiday Village,"₹3,621",4 of 5 bubbles,Bengaluru
24. The Waverly Hotel & Residences,"₹5,809",4.5 of 5 bubbles,Bengaluru
25. Shivas Gateway,"₹2,694",4 of 5 bubbles,Bengaluru
"ITC Gardenia, a Luxury Collection Hotel, Bengaluru","₹29,430",5 of 5 bubbles,Bengaluru
26. The Signature Inn,"₹1,260",4 of 5 bubbles,Bengaluru
27. The Elanza Hotel,"₹5,669",4.5 of 5 bubbles,Bengaluru
"28. Clarks Inn, Bangalore","₹1,662",5 of 5 bubbles,Bengaluru
29. Attide Biz,"₹2,855",5 of 5 bubbles,Bengaluru
30. Springs Hotel & Spa,"₹3,022",4 of 5 bubbles,Bengaluru
Destiny - The Farm Resort,"₹13,844",4.5 of 5 bubbles,Ooty
1. Sterling Ooty Elk Hill,"₹9,027",4.5 of 5 bubbles,Ooty
2. Gem Park-Ooty,"₹9,177",4.5 of 5 bubbles,Ooty
3. Accord Highland Hotel Ooty,"₹5,757",4.5 of 5 bubbles,Ooty
4. Sterling Ooty Fern Hill,"₹9,027",4.5 of 5 bubbles,Ooty
5. Destiny - The Farm Resort,"₹13,844",4.5 of 5 bubbles,Ooty
Accord Highland Hotel Ooty,"₹6,363",4.5 of 5 bubbles,Ooty
6. Sinclairs Retreat Ooty,"₹4,838",4.5 of 5 bubbles,Ooty
7. Sherlock Hotel,"₹5,667",4.5 of 5 bubbles,Ooty
8. Meadows Residency,"₹6,048",4.5 of 5 bubbles,Ooty
9. Hotel Lakeview,"₹2,745",3.5 of 5 bubbles,Ooty
10. King's Cliff,"₹7,529",4.5 of 5 bubbles,Ooty
Ponmari Residencyy,"₹2,683",4.5 of 5 bubbles,Ooty
11. Vinayaga Inn by Poppys,"₹2,352",4.5 of 5 bubbles,Ooty
12. Ponmari Residencyy,"₹2,385",4.5 of 5 bubbles,Ooty
13. La Montana by TGI,"₹5,673",4.5 of 5 bubbles,Ooty
14. Woodberry Residency,"₹1,902",4.5 of 5 bubbles,Ooty
15. La Flora Amberley Resort,"₹2,175",4 of 5 bubbles,Ooty
Sinclairs Retreat Ooty,"₹5,218",4.5 of 5 bubbles,Ooty
16. Fairstay Ooty,"₹2,102",4 of 5 bubbles,Ooty
17. Yantra Resort By Spree,"₹3,315",4 of 5 bubbles,Ooty
18. Tulips Elkhill Resorts,"₹7,937",3.5 of 5 bubbles,Ooty
19. Rosewood By Nature Resorts,"₹3,898",5 of 5 bubbles,Ooty
20. Vinnca West Downs Heritage Resort,"₹9,617",4 of 5 bubbles,Ooty
Hotel Lakeview,"₹3,090",3.5 of 5 bubbles,Ooty
21. Mango Hill Central Ooty,"₹3,228",4.5 of 5 bubbles,Ooty
22. Astoria Residency,"₹2,800",4 of 5 bubbles,Ooty
23. Hotel Welbeck Residency,"₹3,115",4 of 5 bubbles,Ooty
24. Tranqville Resorts,"₹3,139",5 of 5 bubbles,Ooty
25. Sabol Holiday Resorts,"₹3,237",4 of 5 bubbles,Ooty
WelcomHeritage Ferrnhills Royale Palace,"₹13,877",3.5 of 5 bubbles,Ooty
26. Berry Hills Resort,"₹2,231",4 of 5 bubbles,Ooty
27. Fortune Retreats Resorts - Ooty,"₹6,856",4 of 5 bubbles,Ooty
28. Beverly villa,"₹3,360",4 of 5 bubbles,Ooty
29. Space 4 Resorts,"₹4,760",3.5 of 5 bubbles,Ooty
30. Tulips Valley View Resorts,"₹2,321",3.5 of 5 bubbles,Ooty
Sterling Ooty Fern Hill,"₹7,022",4.5 of 5 bubbles,Ooty
Lakeside Inn,"₹5,997",3.5 of 5 bubbles,Nainital
1. Sterling Nainital,"₹5,789",4.5 of 5 bubbles,Nainital
2. Shervani Hilltop Nainital,"₹11,586",4.5 of 5 bubbles,Nainital
3. Cygnett Resort Mountain Breeze,"₹4,150",4.5 of 5 bubbles,Nainital
4. Seasons Hotel and Resort,"₹6,271",4.5 of 5 bubbles,Nainital
5. The Earl's Court by Leisure Hotels Group,"₹9,558",4.5 of 5 bubbles,Nainital
Seasons Hotel and Resort,"₹6,984",4.5 of 5 bubbles,Nainital
6. WelcomHeritage Ashdale,"₹10,620",5 of 5 bubbles,Nainital
7. Hotel Himalaya,"₹3,192",3.5 of 5 bubbles,Nainital
8. Swiss Hotel & Spa,"₹13,570",5 of 5 bubbles,Nainital
9. The Pavilion,"₹3,618",4 of 5 bubbles,Nainital
10. Lakeside Inn,"₹5,593",3.5 of 5 bubbles,Nainital
Seasons Hotel and Resort,"₹6,984",4.5 of 5 bubbles,Nainital
11. Country Inn Tarika Resort Jim Corbett,"₹6,804",4.5 of 5 bubbles,Nainital
12. Hotel La Niwasa by Shivraj,"₹5,001",4.5 of 5 bubbles,Nainital
13. The Palace Belvedere,"₹3,598",4 of 5 bubbles,Nainital
14. Hotel Aroma,"₹2,317",4.5 of 5 bubbles,Nainital
"15. The Pinewood, Nainital by Leisure Hotels Group","₹3,226",4.5 of 5 bubbles,Nainital
The Naini Retreat by Leisure Hotels Group,"₹17,252",4.5 of 5 bubbles,Nainital
16. The Imperial Green,"₹5,250",4.5 of 5 bubbles,Nainital
17. Ayar Jungle Resort,"₹7,122",4 of 5 bubbles,Nainital
18. The Hive Cottage,"₹6,720",4.5 of 5 bubbles,Nainital
19. Hotel Mount N Lake,"₹1,270",3 of 5 bubbles,Nainital
20. Goroomgo Radha Continental Nainital,"₹1,591",3 of 5 bubbles,Nainital
Hotel Himalaya,"₹3,192",3.5 of 5 bubbles,Nainital
21. OYO Flagship 3139 View Point Resort,"₹1,841",4 of 5 bubbles,Nainital
22. Hotel Suman Paradise,"₹3,894",4 of 5 bubbles,Nainital
23. goSTOPS Nainital,"₹2,240",5 of 5 bubbles,Nainital
24. Himalayan Retreat Neelkanth,"₹2,980",4 of 5 bubbles,Nainital
25. Kafal Resort,"₹3,593",4 of 5 bubbles,Nainital
Cygnett Resort Mountain Breeze,"₹4,150",4.5 of 5 bubbles,Nainital
26. H K Legacy,"₹1,278",4 of 5 bubbles,Nainital
27. Goroomgo Lake View Mall Road Nainital,"₹1,255",2.5 of 5 bubbles,Nainital
28. Hotel Happy Home The Lake Paradise,"₹2,127",1 of 5 bubbles,Nainital
29. The Naini Retreat by Leisure Hotels Group,"₹17,825",4.5 of 5 bubbles,Nainital
30. The Manu Maharani,"₹17,110",4.5 of 5 bubbles,Nainital
WelcomHeritage Ashdale,"₹10,620",5 of 5 bubbles,Nainital
Singtom Tea Estate & Resort,"₹7,840",4.5 of 5 bubbles,Darjeeling
1. Sinclairs Darjeeling,"₹4,225",4.5 of 5 bubbles,Darjeeling
2. Udaan Himalayan Suites and Spa,"₹2,910",5 of 5 bubbles,Darjeeling
3. Sumi Yashshree Suites & Spa,"₹3,904",4.5 of 5 bubbles,Darjeeling
4. Sterling Darjeeling,"₹5,618",4 of 5 bubbles,Darjeeling
5. Mayfair Darjeeling,"₹10,266",4.5 of 5 bubbles,Darjeeling
6. Summit Swiss Heritage Hotel & Spa,"₹4,115",4 of 5 bubbles,Darjeeling
7. Sumitel Suites & Spa by Sumi Yashshree,"₹3,038",5 of 5 bubbles,Darjeeling
"8. Udaan Dekeling Resort, Darjeeling","₹3,465",4.5 of 5 bubbles,Darjeeling
9. Ramada by Wyndham Darjeeling Gandhi Road,"₹6,384",4.5 of 5 bubbles,Darjeeling
10. Summit Hermon Hotel & Spa,"₹3,820",4.5 of 5 bubbles,Darjeeling
Singtom Tea Estate & Resort,"₹7,840",4.5 of 5 bubbles,Darjeeling
11. Viceroy Hotel,"₹5,508",4 of 5 bubbles,Darjeeling
12. Mount Conifer Suites & Spa,"₹5,706",4.5 of 5 bubbles,Darjeeling
13. Summit Grace Hotel & Spa,"₹3,717",4 of 5 bubbles,Darjeeling
"14. Zambala Retreat & Spa, Darjeeling By Anant Groups of Hotels","₹2,835",4.5 of 5 bubbles,Darjeeling
15. Singtom Tea Estate & Resort,"₹7,840",4.5 of 5 bubbles,Darjeeling
Sinclairs Darjeeling,"₹4,665",4.5 of 5 bubbles,Darjeeling
16. Shangri-la Regency,"₹2,619",4 of 5 bubbles,Darjeeling
"17. Central Heritage Resort and Spa, Darjeeling","₹2,364",3.5 of 5 bubbles,Darjeeling
"18. The Elgin, Darjeeling","₹11,800",4 of 5 bubbles,Darjeeling
19. Cedar Inn,"₹12,980",4.5 of 5 bubbles,Darjeeling
20. Little Tibet Resort,"₹3,024",4.5 of 5 bubbles,Darjeeling
21. Hermitage Resort Darjeeling,"₹4,043",4 of 5 bubbles,Darjeeling
22. Sanderling Resort & Spa,"₹3,514",4.5 of 5 bubbles,Darjeeling
23. Hotel Villa Everest,"₹3,572",4.5 of 5 bubbles,Darjeeling
24. The Rope Resorts,"₹1,814",5 of 5 bubbles,Darjeeling
25. Humro Himalayan Orchid,"₹1,848",4 of 5 bubbles,Darjeeling
26. Omega Residency,"₹5,577",4 of 5 bubbles,Darjeeling
27. Sunflower Group Of Hotels,"₹1,886",4 of 5 bubbles,Darjeeling
28. Hotel Tower View,₹900,3 of 5 bubbles,Darjeeling
29. Tin Tin Boutique Hotel,"₹1,794",5 of 5 bubbles,Darjeeling
30. The Grace Inn,"₹2,240",3.5 of 5 bubbles,Darjeeling
Ellaa Hotel,"₹7,064",4.5 of 5 bubbles,Hyderabad
1. Hotel GreenPark,"₹8,288",4.5 of 5 bubbles,Hyderabad
2. Avasa,"₹11,771",4.5 of 5 bubbles,Hyderabad
"3. Red Fox Hotel, HITEC City","₹9,209",4.5 of 5 bubbles,Hyderabad
4. Oakwood Residence Kapil Hyderabad,"₹19,175",5 of 5 bubbles,Hyderabad
"5. Taj Krishna, Hyderabad","₹14,160",4.5 of 5 bubbles,Hyderabad
The Park Hyderabad,"₹7,655",4.5 of 5 bubbles,Hyderabad
6. Novotel Hyderabad Convention Centre,"₹12,213",4.5 of 5 bubbles,Hyderabad
7. Marigold By Greenpark,"₹9,529",4.5 of 5 bubbles,Hyderabad
"8. Lemon Tree Hotel, Gachibowli, Hyderabad","₹10,870",4.5 of 5 bubbles,Hyderabad
"9. Vivanta Hyderabad, Begumpet","₹8,400",4.5 of 5 bubbles,Hyderabad
10. The Park Hyderabad,"₹7,655",4.5 of 5 bubbles,Hyderabad
"Taj Falaknuma Palace, Hyderabad","₹59,000",4.5 of 5 bubbles,Hyderabad
11. Ellaa Hotel,"₹6,450",4.5 of 5 bubbles,Hyderabad
12. Ibis Hyderabad HITEC City Hotel,"₹7,615",4.5 of 5 bubbles,Hyderabad
13. Royalton Hotel,"₹3,953",4 of 5 bubbles,Hyderabad
14. The Golkonda Resorts & Spa,"₹19,339",4.5 of 5 bubbles,Hyderabad
15. Mercure Hyderabad KCP,"₹15,187",4.5 of 5 bubbles,Hyderabad
Leonia Holistic Destination,"₹6,071",4.5 of 5 bubbles,Hyderabad
16. Radisson Blu Plaza Hotel Hyderabad Banjara Hills,"₹12,980",4.5 of 5 bubbles,Hyderabad
17. The Manohar Hyderabad,"₹5,376",4 of 5 bubbles,Hyderabad
18. Le Meridien Hyderabad,"₹11,800",5 of 5 bubbles,Hyderabad
19. The Golkonda Hotel,"₹10,106",4.5 of 5 bubbles,Hyderabad
20. Katriya Hotel & Towers,"₹2,455",3.5 of 5 bubbles,Hyderabad
"Vivanta Hyderabad, Begumpet","₹8,400",4.5 of 5 bubbles,Hyderabad
21. Hotel B Plus L,"₹6,373",4.5 of 5 bubbles,Hyderabad
22. Aditya Hometel,"₹3,528",4.5 of 5 bubbles,Hyderabad
23. Treebo Trend Address Inn,"₹2,653",5 of 5 bubbles,Hyderabad
24. The Peerless Inn Hyderabad,"₹2,524",3.5 of 5 bubbles,Hyderabad
25. Hotel Deccan Serai,"₹8,064",4 of 5 bubbles,Hyderabad
Park Hyatt Hyderabad,"₹22,420",4.5 of 5 bubbles,Hyderabad
26. Button Eyes Resort,"₹5,141",4.5 of 5 bubbles,Hyderabad
27. Itsy By Treebo - Tals Hytek,"₹2,006",4 of 5 bubbles,Hyderabad
28. Treebo Trip Arastu Inn,"₹1,911",4 of 5 bubbles,Hyderabad
29. Dhola-ri-Dhani,"₹3,780",3 of 5 bubbles,Hyderabad
30. Fabhotel Pearl City,"₹2,386",3 of 5 bubbles,Hyderabad
"ITC Kakatiya, Hyderabad - a Luxury Collection Hotel","₹11,118",4.5 of 5 bubbles,Hyderabad
Sanskriti Vedic Retreat,"₹6,098",4.5 of 5 bubbles,Rishikesh
1. HOLYWATER Hotel by Ganga Kinare,"₹5,600",5 of 5 bubbles,Rishikesh
2. GANGA KINARE- A Riverside Boutique Resort,"₹13,570",4.5 of 5 bubbles,Rishikesh
3. Yog Niketan by Sanskriti,"₹12,980",4.5 of 5 bubbles,Rishikesh
4. Sterling Palm Bliss - Rishikesh,"₹8,878",4.5 of 5 bubbles,Rishikesh
5. Live Free Hostel Rishikesh,"₹2,464",5 of 5 bubbles,Rishikesh
HOLYWATER Hotel by Ganga Kinare,"₹5,600",5 of 5 bubbles,Rishikesh
6. Veda5 Ayurveda & Yoga Retreat,"₹9,362",5 of 5 bubbles,Rishikesh
7. Holy River Hotel,"₹5,600",5 of 5 bubbles,Rishikesh
8. Sanskriti Vedic Retreat,"₹6,098",4.5 of 5 bubbles,Rishikesh
9. Kunwar Residency,"₹7,540",4.5 of 5 bubbles,Rishikesh
10. Divine Resort & Spa,"₹13,721",4.5 of 5 bubbles,Rishikesh
Sanskriti Vedic Retreat,"₹6,098",4.5 of 5 bubbles,Rishikesh
11. Camp Brook,"₹11,200",5 of 5 bubbles,Rishikesh
12. The Vilana,"₹5,263",5 of 5 bubbles,Rishikesh
13. Shaantam Resorts and Spa Rishikesh,"₹10,620",5 of 5 bubbles,Rishikesh
14. Hotel Yog Vashishth,"₹3,584",4.5 of 5 bubbles,Rishikesh
15. goSTOPS Rishikesh Tapovan,"₹1,680",4 of 5 bubbles,Rishikesh
HOLYWATER Hotel by Ganga Kinare,"₹5,600",5 of 5 bubbles,Rishikesh
16. Skyard Rishikesh (Laxman Jhula),"₹1,427",5 of 5 bubbles,Rishikesh
17. EllBee Ganga View,"₹5,543",4.5 of 5 bubbles,Rishikesh
18. goSTOPS Rishikesh Lakshman Jhula,"₹2,240",4 of 5 bubbles,Rishikesh
19. Aloha - The Ganga Bliss,"₹6,552",4 of 5 bubbles,Rishikesh
20. Avenue 18 Resort,"₹11,032",4.5 of 5 bubbles,Rishikesh
21. Hotel Natraj,"₹6,160",4.5 of 5 bubbles,Rishikesh
22. Hotel The Great Ganga,"₹6,640",4.5 of 5 bubbles,Rishikesh
23. Neer Ganga Resorts,"₹8,921",5 of 5 bubbles,Rishikesh
24. Regenta Inn On The Ganges Rishikesh,"₹5,650",4.5 of 5 bubbles,Rishikesh
25. Bliss Ganga Rishikesh,"₹3,357",4.5 of 5 bubbles,Rishikesh
26. Hill Top Swiss Cottage,"₹2,715",4 of 5 bubbles,Rishikesh
27. Luxury Aloha Apartments,"₹4,872",3.5 of 5 bubbles,Rishikesh
"28. The Hideaway Bedzzz, Rishikesh by Leisure Hotels Group","₹4,443",4.5 of 5 bubbles,Rishikesh
29. Nishantam Rishikesh,"₹4,990",4.5 of 5 bubbles,Rishikesh
30. Hotel Green One Earth,"₹5,064",3.5 of 5 bubbles,Rishikesh
1. Ocean Spray,"₹7,880",4 of 5 bubbles,Pondicherry
2. Le Royal Park Puducherry,"₹5,917",4 of 5 bubbles,Pondicherry
3. Accord Puducherry,"₹8,058",4.5 of 5 bubbles,Pondicherry
4. The Promenade,"₹8,929",4 of 5 bubbles,Pondicherry
5. Radisson Resort Pondicherry Bay,"₹14,750",4.5 of 5 bubbles,Pondicherry
Le Royal Park Puducherry,"₹4,846",4 of 5 bubbles,Pondicherry
6. The Residency Towers Puducherry,"₹12,154",5 of 5 bubbles,Pondicherry
7. Ginger Pondicherry,"₹3,695",4 of 5 bubbles,Pondicherry
8. Le Dupleix,"₹10,265",4.5 of 5 bubbles,Pondicherry
9. Devis Grand,"₹1,848",4.5 of 5 bubbles,Pondicherry
10. Le Pondy,"₹10,397",4 of 5 bubbles,Pondicherry
Accord Puducherry,"₹8,058",4.5 of 5 bubbles,Pondicherry
11. Grand Hotel D' Europe,"₹17,476",5 of 5 bubbles,Pondicherry
12. Villa Shanti,"₹10,455",4.5 of 5 bubbles,Pondicherry
13. Annamalai International Hotel,"₹4,144",4 of 5 bubbles,Pondicherry
14. Treebo Trend Grace Inn,"₹2,768",4.5 of 5 bubbles,Pondicherry
15. Shenbaga Hotel & Convention Centre,"₹8,400",4 of 5 bubbles,Pondicherry
16. White Pearl Residency,"₹3,579",4.5 of 5 bubbles,Pondicherry
17. Prince Park Farm House,"₹3,413",4 of 5 bubbles,Pondicherry
18. Hotel South Avenue,"₹3,204",4 of 5 bubbles,Pondicherry
19. Hotel Arunachala,"₹1,159",4 of 5 bubbles,Pondicherry
20. Hotel Villa Krish,"₹6,720",4 of 5 bubbles,Pondicherry
Ocean Spray,"₹7,341",4 of 5 bubbles,Pondicherry
21. Pleasant Inn Pondicherry,"₹1,915",4 of 5 bubbles,Pondicherry
22. The Dune Eco Village & Spa,"₹7,315",3.5 of 5 bubbles,Pondicherry
23. Dune de l'Orient,"₹10,619",4 of 5 bubbles,Pondicherry
24. Cours CHABROL,"₹5,202",4 of 5 bubbles,Pondicherry
25. The Sunway Manor,"₹5,350",4 of 5 bubbles,Pondicherry
The Promenade,"₹9,924",4 of 5 bubbles,Pondicherry
26. Treebo Trend Hotel Corbelli,"₹2,576",3.5 of 5 bubbles,Pondicherry
27. La Closerie,"₹9,912",4 of 5 bubbles,Pondicherry
28. K Resort,"₹15,340",4.5 of 5 bubbles,Pondicherry
29. La Grrande Malar,"₹4,107",4 of 5 bubbles,Pondicherry
30. Hotel Ayushman,"₹1,308",3.5 of 5 bubbles,Pondicherry
Prince Park Farm House,"₹3,838",4 of 5 bubbles,Pondicherry
"Mayfair Spa Resort & Casino, Gangtok","₹10,266",4.5 of 5 bubbles,Gangtok
1. Udaan Woodberry Hotel and Spa,"₹2,402",5 of 5 bubbles,Gangtok
2. Sumi Shangrila Deorali Gangtok,"₹2,429",5 of 5 bubbles,Gangtok
3. The Fern Denzong Hotel & Spa Gangtok,"₹5,363",4.5 of 5 bubbles,Gangtok
4. Summit Namnang Courtyard & Spa,"₹1,700",4.5 of 5 bubbles,Gangtok
5. Summit Ttakshang Residency Hotel & Spa,"₹2,697",4 of 5 bubbles,Gangtok
"6. Mayfair Spa Resort & Casino, Gangtok","₹10,266",4.5 of 5 bubbles,Gangtok
7. Summit Golden Crescent Resort & Spa,"₹1,773",4.5 of 5 bubbles,Gangtok
"8. Udaan Alpine Resort, Gangtok","₹2,340",5 of 5 bubbles,Gangtok
"9. Lemon Tree Hotel, Gangtok","₹6,357",5 of 5 bubbles,Gangtok
10. ShriGo Hotels Gangtok,"₹2,592",5 of 5 bubbles,Gangtok
Hotel Sonam Delek,"₹3,413",4.5 of 5 bubbles,Gangtok
11. Summit Norling Resort & Spa,"₹1,977",4 of 5 bubbles,Gangtok
12. Sterling Gangtok - Orange Village,"₹4,617",4.5 of 5 bubbles,Gangtok
13. The Golden Crest,"₹1,774",4.5 of 5 bubbles,Gangtok
"14. The Elgin Nor-Khill, Gangtok","₹11,800",4.5 of 5 bubbles,Gangtok
15. Ramada by Wyndham Gangtok Hotel & Casino Golden,"₹6,586",4.5 of 5 bubbles,Gangtok
"The Elgin Nor-Khill, Gangtok","₹11,210",4.5 of 5 bubbles,Gangtok
16. Hotel Sonam Delek,"₹3,115",4.5 of 5 bubbles,Gangtok
17. Hotel Sher-E-Punjab,"₹1,613",4.5 of 5 bubbles,Gangtok
18. Hotel New Orchid & Spa,"₹1,209",4.5 of 5 bubbles,Gangtok
19. Mount Himalayan Hotel & Spa,"₹1,566",4.5 of 5 bubbles,Gangtok
20. Summit Oriental Boutique Hotel & Spa,"₹2,636",4 of 5 bubbles,Gangtok
Summit Namnang Courtyard & Spa,"₹1,874",4.5 of 5 bubbles,Gangtok
21. Hotel Dew Pond,"₹1,256",4.5 of 5 bubbles,Gangtok
22. Denzong Regency- A Luxury Mountain Retreat Spa & Casino,"₹10,323",4.5 of 5 bubbles,Gangtok
23. Denzong Shangrila Hotel & Spa (Managed by Voyage Hospitality),"₹1,913",4.5 of 5 bubbles,Gangtok
24. Sharolyn Boutique,"₹1,220",5 of 5 bubbles,Gangtok
25. Yangthang Heritage,"₹4,760",4 of 5 bubbles,Gangtok
Summit Golden Crescent Resort & Spa,"₹1,930",4.5 of 5 bubbles,Gangtok
26. Hotel 100 Petals,"₹2,061",5 of 5 bubbles,Gangtok
27. Tempo Heritage Resort And Spa,"₹2,822",5 of 5 bubbles,Gangtok
28. Gangtok Central Rooms,₹744,3.5 of 5 bubbles,Gangtok
29. Hotel Ninamma,₹986,4 of 5 bubbles,Gangtok
30. Muscatel Grand Silk Route,"₹1,411",4 of 5 bubbles,Gangtok
Summit Norling Resort & Spa,"₹2,180",4 of 5 bubbles,Gangtok
Shaheen Bagh Resort,"₹11,857",4.5 of 5 bubbles,Dehradun
"1. Lemon Tree Hotel, Dehradun","₹5,877",4.5 of 5 bubbles,Dehradun
2. Four Points by Sheraton Dehradun,"₹7,085",4.5 of 5 bubbles,Dehradun
3. Red Fox Hotel Dehradun,"₹3,959",5 of 5 bubbles,Dehradun
4. Sarovar Portico Dehradun,"₹5,034",4.5 of 5 bubbles,Dehradun
5. Fairfield by Marriott Dehradun,"₹9,440",4.5 of 5 bubbles,Dehradun
Sarovar Portico Dehradun,"₹5,453",4.5 of 5 bubbles,Dehradun
6. Ramada by Wyndham Dehradun Chakrata Road,"₹4,188",4.5 of 5 bubbles,Dehradun
7. Seyfert Sarovar Premiere,"₹5,363",4.5 of 5 bubbles,Dehradun
8. LP Residency,"₹3,838",5 of 5 bubbles,Dehradun
9. Clarks Collection Epicure Dehradun,"₹3,271",5 of 5 bubbles,Dehradun
10. Hotel Rajpur Heights,"₹1,739",4.5 of 5 bubbles,Dehradun
Shaheen Bagh Resort,"₹11,857",4.5 of 5 bubbles,Dehradun
11. Hotel Madhuban,"₹3,651",4 of 5 bubbles,Dehradun
12. The Solitaire,"₹4,385",4 of 5 bubbles,Dehradun
"13. Keys Prima by Lemon Tree Hotels, Aketa, Dehradun","₹7,870",4.5 of 5 bubbles,Dehradun
14. Hotel Saffron Leaf,"₹3,587",4.5 of 5 bubbles,Dehradun
15. Hotel Deepshikha,"₹1,387",4 of 5 bubbles,Dehradun
16. The Solitaire Express,"₹2,082",4 of 5 bubbles,Dehradun
17. Hotel White Rock By The Solitaire Hospitality,"₹2,333",5 of 5 bubbles,Dehradun
18. Shaheen Bagh Resort,"₹11,857",4.5 of 5 bubbles,Dehradun
19. Townhouse OAK HW Residency,₹932,4.5 of 5 bubbles,Dehradun
20. Hotel Vishnu Inn,"₹1,125",3.5 of 5 bubbles,Dehradun
Hyatt Regency Dehradun,"₹29,500",5 of 5 bubbles,Dehradun
21. Hotel Grand Legacy,"₹2,017",4 of 5 bubbles,Dehradun
22. Hotel Skyking,"₹2,606",5 of 5 bubbles,Dehradun
23. Cygnett Inn Paras,"₹3,114",4.5 of 5 bubbles,Dehradun
24. Hotel Boulevard,"₹6,207",4.5 of 5 bubbles,Dehradun
25. OYO 1915 Hotel Central Park Inn,"₹1,254",4 of 5 bubbles,Dehradun
26. OYO Flagship 111 Canal Road,"₹1,231",3.5 of 5 bubbles,Dehradun
"27. Tree of Life Resort, Dehradun Foothills","₹6,607",4.5 of 5 bubbles,Dehradun
28. Hotel Ajanta Continental,"₹3,410",3.5 of 5 bubbles,Dehradun
29. OYO 13839 Hotel Narula,"₹1,093",3 of 5 bubbles,Dehradun
30. Hyatt Regency Dehradun,"₹29,500",5 of 5 bubbles,Dehradun
Hotel Pacific Dehradun,"₹4,878",4 of 5 bubbles,Dehradun
The Zen Resort Ladakh,"₹12,505",4.5 of 5 bubbles,Leh
1. The Abduz,"₹12,033",5 of 5 bubbles,Leh
2. Chospa Hotel,"₹8,041",5 of 5 bubbles,Leh
3. The Grand Dragon Ladakh,"₹14,992",4.5 of 5 bubbles,Leh
4. Sia-La Guesthouse,"₹3,941",4.5 of 5 bubbles,Leh
5. The Indus Valley,"₹4,968",4.5 of 5 bubbles,Leh
Padma Ladakh,"₹6,162",5 of 5 bubbles,Leh
6. The Zen Resort Ladakh,"₹11,350",4.5 of 5 bubbles,Leh
7. Ladakh Palace boutique hotel,"₹4,372",5 of 5 bubbles,Leh
8. Lasermo Ladakh,"₹7,271",4.5 of 5 bubbles,Leh
9. Zostel Leh,"₹3,359",4.5 of 5 bubbles,Leh
10. Hotel Ladakh Imperial,"₹2,290",4.5 of 5 bubbles,Leh
Chospa Hotel,"₹8,736",5 of 5 bubbles,Leh
11. Shaolin Ladakh,"₹21,003",4.5 of 5 bubbles,Leh
12. Skyland Guest House,"₹1,924",4.5 of 5 bubbles,Leh
13. Hotel Cho Palace,"₹15,930",4.5 of 5 bubbles,Leh
14. Dolkhar,"₹20,650",4.5 of 5 bubbles,Leh
15. The Auspicious Hotel,"₹3,334",4 of 5 bubbles,Leh
Skyland Guest House,"₹2,087",4.5 of 5 bubbles,Leh
16. Hotel Zomday Ladakh,"₹3,437",4 of 5 bubbles,Leh
17. Hotel Hill Town,"₹18,506",4.5 of 5 bubbles,Leh
18. Takski Horpo Guest House,"₹2,532",5 of 5 bubbles,Leh
19. Padma Ladakh,"₹5,725",5 of 5 bubbles,Leh
20. Hotel Lakrook,"₹8,991",4.5 of 5 bubbles,Leh
The Grand Dragon Ladakh,"₹13,980",4.5 of 5 bubbles,Leh
21. Hotel K2 Continental,"₹19,954",4 of 5 bubbles,Leh
22. Overland Heights,"₹2,120",5 of 5 bubbles,Leh
23. The Grand Ladakh,"₹13,501",4.5 of 5 bubbles,Leh
24. Dolma Guest House,"₹2,240",3.5 of 5 bubbles,Leh
25. Pal Hotel,"₹7,492",4 of 5 bubbles,Leh
Lasermo Ladakh,"₹7,940",4.5 of 5 bubbles,Leh
26. Hotel Pangong Residency,"₹2,678",4 of 5 bubbles,Leh
27. Hotel Munshi Continental,"₹4,620",4 of 5 bubbles,Leh
28. Hotel Khardongla,"₹11,348",4.5 of 5 bubbles,Leh
29. Mountain Retreat Guest House,"₹3,528",4 of 5 bubbles,Leh
30. Chomal Huts,"₹7,800",5 of 5 bubbles,Leh
Gangs Shun Homestay,"₹15,120",4 of 5 bubbles,Leh
Sarovar Portico,"₹3,133",4 of 5 bubbles,Ahmedabad
1. Four Points by Sheraton Ahmedabad,"₹6,254",4.5 of 5 bubbles,Ahmedabad
2. Radisson Blu Hotel Ahmedabad,"₹8,399",4.5 of 5 bubbles,Ahmedabad
3. The Hillock Ahmedabad,"₹6,719",5 of 5 bubbles,Ahmedabad
4. The Ummed Ahmedabad,"₹7,839",4.5 of 5 bubbles,Ahmedabad
"5. Lemon Tree Premier; The Atrium, Ahmedabad","₹5,632",4.5 of 5 bubbles,Ahmedabad
6. Hyatt Regency Ahmedabad,"₹10,080",4.5 of 5 bubbles,Ahmedabad
7. Vivanta Ahmedabad SG Highway,"₹12,390",5 of 5 bubbles,Ahmedabad
"8. Lemon Tree Hotel, Ahmedabad","₹5,084",4.5 of 5 bubbles,Ahmedabad
9. Rivera Sarovar Portico Ahmedabad,"₹4,939",4 of 5 bubbles,Ahmedabad
10. BloomSuites | Ahmedabad,"₹6,570",4.5 of 5 bubbles,Ahmedabad
Sarovar Portico,"₹3,133",4 of 5 bubbles,Ahmedabad
11. Fortune Landmark,"₹7,280",4.5 of 5 bubbles,Ahmedabad
12. Sarovar Portico,"₹2,856",4 of 5 bubbles,Ahmedabad
13. Riverview Hotel,"₹5,856",4.5 of 5 bubbles,Ahmedabad
14. Hotel Regenta Inn Ranip Ahmedabad,"₹5,670",4.5 of 5 bubbles,Ahmedabad
15. Renaissance Ahmedabad Hotel,"₹8,215",5 of 5 bubbles,Ahmedabad
"16. ITC Narmada, A Luxury Collection Hotel, Ahmedabad","₹11,210",4.5 of 5 bubbles,Ahmedabad
17. Wyndham Ahmedabad Shela,"₹8,123",4.5 of 5 bubbles,Ahmedabad
18. Courtyard Ahmedabad,"₹13,658",4.5 of 5 bubbles,Ahmedabad
19. Fairfield By Marriott Ahmedabad,"₹6,413",4.5 of 5 bubbles,Ahmedabad
20. Hyatt Ahmedabad,"₹9,228",4.5 of 5 bubbles,Ahmedabad
Taj Skyline Ahmedabad,"₹24,780",4.5 of 5 bubbles,Ahmedabad
21. Kensville Golf and Country Club,"₹4,429",4 of 5 bubbles,Ahmedabad
22. Ginger Ahmedabad (Vastrapur),"₹3,471",4.5 of 5 bubbles,Ahmedabad
23. Mango Hotels Tune,"₹1,773",4 of 5 bubbles,Ahmedabad
24. Antarim Express,"₹2,164",4.5 of 5 bubbles,Ahmedabad
25. Regenta Central Antarim,"₹6,821",4.5 of 5 bubbles,Ahmedabad
The Ummed Ahmedabad,"₹7,839",4.5 of 5 bubbles,Ahmedabad
26. SK Lords Eco Inn,"₹3,453",4.5 of 5 bubbles,Ahmedabad
27. Hotel Pragati The Grand,"₹2,094",4 of 5 bubbles,Ahmedabad
28. Hotel Alka Inn,"₹3,030",4 of 5 bubbles,Ahmedabad
29. Hotel Kyra Airport,₹985,3 of 5 bubbles,Ahmedabad
30. Taj Skyline Ahmedabad,"₹24,780",4.5 of 5 bubbles,Ahmedabad
Fortune Select SG Highway,"₹11,800",4.5 of 5 bubbles,Ahmedabad
Kashmir Mahal Resorts,"₹3,798",5 of 5 bubbles,Srinagar
1. Four Points by Sheraton Srinagar,"₹15,930",5 of 5 bubbles,Srinagar
2. Fortune Resort Heevan,"₹16,520",4.5 of 5 bubbles,Srinagar
3. The Lalit Grand Palace Srinagar,"₹23,600",4.5 of 5 bubbles,Srinagar
4. Vivanta Dal View,"₹29,500",4.5 of 5 bubbles,Srinagar
5. WelcomHeritage Gurkha Houseboats,"₹13,216",4.5 of 5 bubbles,Srinagar
The Shelter Heritage A Boutique Hotel,"₹3,136",5 of 5 bubbles,Srinagar
6. Radisson Srinagar,"₹11,800",4.5 of 5 bubbles,Srinagar
7. Hotel Solar Residency,"₹3,465",4.5 of 5 bubbles,Srinagar
"8. Lemon Tree Hotel, Srinagar","₹9,946",4.5 of 5 bubbles,Srinagar
9. Chicago Group of Houseboats,"₹5,040",5 of 5 bubbles,Srinagar
10. Prince of Kashmir Luxury Houseboat,"₹12,140",5 of 5 bubbles,Srinagar
Kashmir Mahal Resorts,"₹3,798",5 of 5 bubbles,Srinagar
11. RK Sarovar Portico,"₹9,026",4 of 5 bubbles,Srinagar
12. The Orchard Retreat & Spa,"₹18,772",5 of 5 bubbles,Srinagar
13. Walisons Hotel,"₹2,909",4.5 of 5 bubbles,Srinagar
14. The Shelter Heritage A Boutique Hotel,"₹3,136",5 of 5 bubbles,Srinagar
15. Batra Hotels and Residences,"₹6,223",4.5 of 5 bubbles,Srinagar
The Shelter Heritage A Boutique Hotel,"₹3,136",5 of 5 bubbles,Srinagar
16. The Kabo Luxury Boutique Hotel,"₹14,136",5 of 5 bubbles,Srinagar
"17. Clarks Inn, Srinagar","₹2,519",4.5 of 5 bubbles,Srinagar
18. Regenta Central Point Srinagar,"₹9,099",5 of 5 bubbles,Srinagar
19. Hotel Heritage Luxury,"₹4,810",4.5 of 5 bubbles,Srinagar
20. Hotel Grand Mahal,"₹3,575",4.5 of 5 bubbles,Srinagar
Four Points by Sheraton Srinagar,"₹15,930",5 of 5 bubbles,Srinagar
21. Mannat Resorts,"₹3,172",4.5 of 5 bubbles,Srinagar
22. Hotel The Grand Mamta,"₹4,349",4 of 5 bubbles,Srinagar
23. Hotel Mirage,"₹11,210",4.5 of 5 bubbles,Srinagar
24. Golden Flower Heritage Houseboat,"₹4,480",5 of 5 bubbles,Srinagar
25. Silver Oak,"₹2,132",4.5 of 5 bubbles,Srinagar
Goona Palace Houseboat,"₹6,112",5 of 5 bubbles,Srinagar
26. Hotel Royal Arabia,"₹2,107",4.5 of 5 bubbles,Srinagar
27. Hotel Kashmir Inn,"₹1,192",4.5 of 5 bubbles,Srinagar
28. Goona Palace Houseboat,"₹6,112",5 of 5 bubbles,Srinagar
"29. Welcome Hotel at Dal Lake, Srinagar","₹6,833",4 of 5 bubbles,Srinagar
30. Comrade Inn,"₹4,680",4 of 5 bubbles,Srinagar
Vivanta Dal View,"₹29,500",4.5 of 5 bubbles,Srinagar
Hotel Holiday Resort,"₹6,384",4 of 5 bubbles,Puri
1. Hotel Golden Tree Puri,"₹5,885",5 of 5 bubbles,Puri
2. Sterling Puri,"₹10,726",4.5 of 5 bubbles,Puri
3. Pride Ananya Resort,"₹6,160",4.5 of 5 bubbles,Puri
4. Pramod Convention & Beach Resort,"₹8,525",4.5 of 5 bubbles,Puri
5. Toshali Sands,"₹7,580",4 of 5 bubbles,Puri
6. Hotel Holiday Resort,"₹6,384",4 of 5 bubbles,Puri
7. Seven Hills Hotel,"₹5,194",4.5 of 5 bubbles,Puri
8. Om Leisure Resort Puri,"₹7,499",4.5 of 5 bubbles,Puri
9. Hotel Gandhara,"₹3,359",4.5 of 5 bubbles,Puri
10. Mayfair Heritage,"₹13,806",4.5 of 5 bubbles,Puri
Sterling Puri,"₹9,125",4.5 of 5 bubbles,Puri
11. Hotel Jeevan Sandhya,"₹2,608",4.5 of 5 bubbles,Puri
12. Hotel Kakkson Villa,"₹1,944",3.5 of 5 bubbles,Puri
13. Nayak Beach Resort,"₹3,567",3.5 of 5 bubbles,Puri
14. Hotel Balaji International,"₹4,363",3.5 of 5 bubbles,Puri
15. Hotel Pushpa,"₹3,632",3.5 of 5 bubbles,Puri
Toshali Sands,"₹7,580",4 of 5 bubbles,Puri
16. The Pearl,"₹1,575",4 of 5 bubbles,Puri
17. Mayur Hotel,"₹1,891",4.5 of 5 bubbles,Puri
18. Treebo Trend Hotel Sidhartha International,"₹2,619",4 of 5 bubbles,Puri
19. Reba Beach Resort,"₹2,049",4 of 5 bubbles,Puri
20. Hotel Bensen,"₹3,136",4.5 of 5 bubbles,Puri
Seven Hills Hotel,"₹5,773",4.5 of 5 bubbles,Puri
21. Hotel Sapphire International,"₹2,601",3.5 of 5 bubbles,Puri
22. Asian Inn Beach Resort,"₹2,751",3.5 of 5 bubbles,Puri
23. Gold Coast Beach Resort,"₹2,873",3.5 of 5 bubbles,Puri
24. Hotel Janaki Residency,"₹1,850",3.5 of 5 bubbles,Puri
25. Hotel Kalinga,"₹1,406",3 of 5 bubbles,Puri
MAYFAIR Waves,"₹13,806",4.5 of 5 bubbles,Puri
26. OYO 6077 Hotel Ashraya,"₹1,197",3 of 5 bubbles,Puri
27. The Club Krishna Sea Sight,"₹2,674",4.5 of 5 bubbles,Puri
28. OYO 9090 Hotel Royal Annex,"₹1,506",4 of 5 bubbles,Puri
29. Hotel Sea Dream,₹989,2 of 5 bubbles,Puri
30. Pipul Hotels & Resorts,"₹63,427",4.5 of 5 bubbles,Puri
Om Leisure Resort Puri,"₹2,822",4.5 of 5 bubbles,Puri
Hotel Himdhara,"₹2,315",4 of 5 bubbles,Dalhousie
1. Grand View Hotel,"₹4,497",5 of 5 bubbles,Dalhousie
2. Fortune Park Dalhousie,"₹7,098",5 of 5 bubbles,Dalhousie
3. JK Clarks Exotica Dalhousie,"₹4,234",4.5 of 5 bubbles,Dalhousie
4. Indraprastha Resort,"₹5,459",4.5 of 5 bubbles,Dalhousie
5. Best Western Dalhousie,"₹5,506",5 of 5 bubbles,Dalhousie
Hotel AS Clarks Inn,"₹4,116",4 of 5 bubbles,Dalhousie
6. Snow Valley Resorts Dalhousie,"₹2,585",4 of 5 bubbles,Dalhousie
7. SS International Hotel and Spa,"₹2,723",5 of 5 bubbles,Dalhousie
8. Amara Blue Magnets,"₹1,843",4.5 of 5 bubbles,Dalhousie
9. Alps Resort Dalhousie,"₹3,599",4.5 of 5 bubbles,Dalhousie
10. Hotel Mount View,"₹3,582",4 of 5 bubbles,Dalhousie
Snow Valley Resorts Dalhousie,"₹2,874",4 of 5 bubbles,Dalhousie
"11. Mongas, Hotel & Resort!","₹3,449",4.5 of 5 bubbles,Dalhousie
12. Mastiff Hotel Dalhousie,"₹4,600",5 of 5 bubbles,Dalhousie
13. Satyam Int. by PINEBERRY HOTELS,"₹1,835",4 of 5 bubbles,Dalhousie
14. Zostel Dalhousie,"₹1,886",4.5 of 5 bubbles,Dalhousie
15. Brij Villa,"₹8,399",5 of 5 bubbles,Dalhousie
Lall Ji Tourist Resort,"₹3,907",3.5 of 5 bubbles,Dalhousie
16. Hotel SS Resorts Dalhousie,"₹2,980",4.5 of 5 bubbles,Dalhousie
17. Hotel Ark,"₹3,583",4 of 5 bubbles,Dalhousie
18. Mohan Palace Dalhousie,"₹2,520",4 of 5 bubbles,Dalhousie
19. Hotel Himgiri,"₹2,312",4 of 5 bubbles,Dalhousie
20. Dingle House,"₹2,240",4.5 of 5 bubbles,Dalhousie
Aaroham Resorts,"₹7,820",4.5 of 5 bubbles,Dalhousie
21. Hotel Surya Resort,"₹1,721",3.5 of 5 bubbles,Dalhousie
22. Hotel Pearl,"₹1,340",3.5 of 5 bubbles,Dalhousie
23. Hotel Valley View,"₹1,049",3.5 of 5 bubbles,Dalhousie
24. The Nesta Elements Dalhousie,"₹2,453",5 of 5 bubbles,Dalhousie
25. Dalhousie Valley,"₹3,360",4 of 5 bubbles,Dalhousie
Hotel Valley View,"₹1,191",3.5 of 5 bubbles,Dalhousie
26. Hotel Megha View,"₹1,505",4 of 5 bubbles,Dalhousie
27. Capital O 16870 Atithi Resort,"₹1,005",3.5 of 5 bubbles,Dalhousie
28. Dalhousie Palace Hotel,"₹1,792",3.5 of 5 bubbles,Dalhousie
29. Himalayan Camping,"₹2,871",4 of 5 bubbles,Dalhousie
30. Hotel Basera,"₹1,655",4 of 5 bubbles,Dalhousie
Amara Blue Magnets,"₹2,013",4.5 of 5 bubbles,Dalhousie
