R_name,R_rating,location
The Nawaabs,5.0,Agra
Taj Bano,4.5,Agra
Good Vibes Cafe,5.0,Agra
Peshawri,4.5,Agra
Tease Me,5.0,Agra
Cafe G,5.0,Agra
DaawateNawab,5.0,Agra
Treat Restaurant,5.0,Agra
Taj Terrace,5.0,Agra
Joneys Place,4.5,Agra
The Salt Cafe Kitchen Bar,5.0,Agra
The Global Savour Restaurant,5.0,Agra
Bambino Cafe And Restaurant,5.0,Agra
DDelicia,5.0,Agra
Login Restaurant Roof Top Cafe,5.0,Agra
Bamboo Cafe,4.5,Agra
Bob Marley Cafe Restaurant,4.5,Agra
Sheroes Hangout Cafe,4.5,Agra
MoMo Cafe,4.5,Agra
Masala Bistro,5.0,Agra
Golden Street Restaurant,4.5,Agra
In dish,5.0,Agra
Cest Chine,4.5,Agra
Dostea Cafe,5.0,Agra
Yes Restaurant,5.0,Agra
Green Park Restaurant,4.5,Agra
Bon Barbecue Restaurant,4.5,Agra
Sugar n Thyme,5.0,Agra
Desi Cafe Agra,5.0,Agra
Pind Balluchi,4.5,Agra
Shankara Vegis Restaurant,4.5,Agra
EASTEAST ASIAN SPICE TRAIL,5.0,Mumbai
Namak,5.0,Mumbai
Mabruk,5.0,Mumbai
Saptami,5.0,Mumbai
Rasoi Kitchen Bar,5.0,Mumbai
Ummrao,5.0,Mumbai
Kebabs Kurries,5.0,Mumbai
The Earth Plate,5.0,Mumbai
Tanatan,5.0,Mumbai
Peshawri,4.5,Mumbai
Yeda Republic,5.0,Mumbai
Ark Bar,5.0,Mumbai
Shanghai Club,5.0,Mumbai
Dakshin Coastal,4.5,Mumbai
Manuhaar The Taste of Tradition,5.0,Mumbai
By the Mekong,4.5,Mumbai
Nawab Saheb,5.0,Mumbai
Gallery Cafe,5.0,Mumbai
Hornbys Pavilion,5.0,Mumbai
Fiona,5.0,Mumbai
Citrus Cafe,5.0,Mumbai
Peshwa Pavilion,5.0,Mumbai
Tanatan,5.0,Mumbai
Lake View Cafe,4.5,Mumbai
The Sahib Room Kipling Bar,4.5,Mumbai
Pan Asian,5.0,Mumbai
MoMo Cafe,4.5,Mumbai
Its Mirchi,4.5,Mumbai
Shamiana,4.5,Mumbai
Mostly Grills,4.5,Mumbai
Socorro,5.0,Jaipur
Suvarna Mahal,5.0,Jaipur
Monarch Restaurant,5.0,Jaipur
House of Han,5.0,Jaipur
Market Place,5.0,Jaipur
Road House Bar and Grill,5.0,Jaipur
The Rajput Room,5.0,Jaipur
Steam,5.0,Jaipur
The Royal Root,5.0,Jaipur
The Verandah,5.0,Jaipur
Cinnamon,5.0,Jaipur
Dragon House,5.0,Jaipur
Govindam Retreat,5.0,Jaipur
Mosaic,5.0,Jaipur
Hotel Sweet Dream Restaurant,5.0,Jaipur
Marble Arch,5.0,Jaipur
Giardino,5.0,Jaipur
Mohan Mahal,5.0,Jaipur
Topaz Restaurant FineDine SkyDeck Candle Light,5.0,Jaipur
Peshawri,4.5,Jaipur
Tea House,5.0,Jaipur
Indian Curry Palace,5.0,Jaipur
Polo Bar,5.0,Jaipur
Karma Kasuri at Karma Haveli Jaipur,5.0,Jaipur
Sheesh Mahal Bar,5.0,Jaipur
HiLiFE The Rooftop Grill,5.0,Jaipur
Dagla The Rooftop,5.0,Jaipur
Daniels Oriental Kitchen,5.0,Jaipur
Rustic by OTH,5.0,Jaipur
Hawk View Restaurant Bar,5.0,Jaipur
AadhaAadha Cafe,5.0,Varanasi
Bowl of Compassion,5.0,Varanasi
Sushi Cafe Continental Restaurant,5.0,Varanasi
Tadka at Ramada Plaza,5.0,Varanasi
Vishnu Tea Emporium,5.0,Varanasi
The Palate at Ramada Plaza JHV Cantonment,5.0,Varanasi
Niyati Cafe,4.5,Varanasi
Ashish Cafe,4.5,Varanasi
Aum Cafe,4.5,Varanasi
Dosa Cafe,4.5,Varanasi
Cafe Restaurant,5.0,Varanasi
Shree Shivay Thali Dining Varanasi,4.5,Varanasi
Spicy Bites,4.5,Varanasi
Kashi Chat Bhandar,4.5,Varanasi
Canton Royale Restaurant,4.5,Varanasi
Shree cafe Vegatarian Restaurant,4.5,Varanasi
Phulwari Restaurant and Sami Cafe,4.5,Varanasi
Jyoti Cafe,4.5,Varanasi
Itihaas Alley Kitchen,4.5,Varanasi
El Parador,4.5,Varanasi
Behind Yellow Doors Diner,5.0,Varanasi
Kerala Cafe,4.5,Varanasi
Pizzeria Vaatika Cafe,4.0,Varanasi
Romas Cafe Diner,4.5,Varanasi
Mona Lisa Cafe,4.5,Varanasi
Sparrow Cafe,4.5,Varanasi
Nice Restaurant,5.0,Varanasi
Brown Bread Bakery,4.0,Varanasi
India Family Restaurant,4.5,Varanasi
Varanasi Cafe Bakery Restaurant,5.0,Varanasi
Cafe,4.0,Manali
Southern Souls Cafe PURE VEG,5.0,Manali
The Pahadi,5.0,Manali
Il Forno,4.5,Manali
Ride Inn Cafe,5.0,Manali
Johnson Bar Restaurant,4.5,Manali
The Corner House Restaurant and Bar,4.5,Manali
The Johnsons Cafe,4.0,Manali
Renaissance,5.0,Manali
Cafe,4.5,Manali
Casa Bella Vista,4.5,Manali
Drifters Cafe,4.5,Manali
Chopsticks,4.0,Manali
The Lazy Dog,4.0,Manali
Johnnys Pizza,5.0,Manali
Pizza Olive,4.5,Manali
Dylans Toasted Roasted Coffee House,4.5,Manali
Fat Plate Cafe,4.0,Manali
Cafe Amigos,4.5,Manali
Himalayan Organics juice bar and cafe,5.0,Manali
Moms Kitchen,4.5,Manali
Green Forest Cafe,4.5,Manali
Cafe Evergreen Manali,4.5,Manali
Vibes himachali cuisine,4.5,Manali
Honey Hut Manali,4.0,Manali
Sunshine Cafe,4.5,Manali
Saba,4.0,Manali
Tasty Bite,5.0,Manali
Mount View Restaurant,4.0,Manali
Cafe Live,5.0,Manali
Whispering Valley Resort,5.0,Manali
Mosaic,5.0,New Delhi
Edesia Crowne Plaza Today New Delhi Okhla,5.0,New Delhi
Adrift Kaya New Delhi,5.0,New Delhi
Raajsik,5.0,New Delhi
Spice Art,5.0,New Delhi
Thyme,5.0,New Delhi
Tamra,5.0,New Delhi
Kiyan The Roseate,5.0,New Delhi
Spring,5.0,New Delhi
Viva All Day Dining,5.0,New Delhi
Infinity,5.0,New Delhi
Syrah,5.0,New Delhi
Juniper Bar,5.0,New Delhi
Cafe,5.0,New Delhi
TKs Oriental Grill,4.5,New Delhi
Dilli,5.0,New Delhi
NYC Radisson Blu Plaza Delhi,5.0,New Delhi
The Hangar Lounge Bar,5.0,New Delhi
Kheer at Roseate House,5.0,New Delhi
T Lounge,5.0,New Delhi
AnnaMaya,5.0,New Delhi
K,5.0,New Delhi
Shang Palace,5.0,New Delhi
La Piazza,4.5,New Delhi
Dakshin,4.5,New Delhi
LOsteria Bella,4.5,New Delhi
The Great Kabab Factory,4.5,New Delhi
Delhi Pavilion,5.0,New Delhi
JW Lounge,5.0,New Delhi
Chaobella,5.0,New Delhi
The Salt House,4.0,Kolkata
Avartana,5.0,Kolkata
Ottimo Cucina Italiana,5.0,Kolkata
Grand Market Pavilion,5.0,Kolkata
Darjeeling Lounge,5.0,Kolkata
Vertex The Liquid Restaurant,5.0,Kolkata
Royal Vega,5.0,Kolkata
Social Kitchen,5.0,Kolkata
Vintage Asia,5.0,Kolkata
Seasonal Tastes,5.0,Kolkata
Pan Asian,4.5,Kolkata
Dum Pukht,4.5,Kolkata
Eden Pavilion,4.5,Kolkata
Peshawri,4.5,Kolkata
First Innings Multicuisine Restaurant,4.5,Kolkata
Baan Thai,4.5,Kolkata
Kava,5.0,Kolkata
Barbeque Nation Salt Lake Sec,4.5,Kolkata
JW Kitchen,4.5,Kolkata
La Cucina,4.5,Kolkata
BarBQ,4.5,Kolkata
Oh Calcutta,4.5,Kolkata
The Saffron Tree,5.0,Kolkata
Oasis Restaurant,4.5,Kolkata
Aromas,4.5,Kolkata
Spice Kraft,4.5,Kolkata
Ballygunge Place,4.5,Kolkata
Mainland China,4.0,Kolkata
Arsalan,4.0,Kolkata
Mocambo,4.0,Kolkata
,5.0,Kolkata
Shabu Shabu San Bettei Hanare,5.0,Chennai
The Reef,5.0,Chennai
C Salt,5.0,Chennai
Avartana,5.0,Chennai
Willows Lounge Bar,5.0,Chennai
Winchester Bar,5.0,Chennai
Seasonal Tastes,4.5,Chennai
The Great Kabab Factory,5.0,Chennai
Cafe G,4.5,Chennai
Paprika Cafe,5.0,Chennai
Sunset Grill,5.0,Chennai
The Cheroot Malt Cigar Lounge,4.5,Chennai
The Residency,4.5,Chennai
Cappuccino,4.5,Chennai
Oasis Radisson Blu Hotel Chennai City Centre,4.5,Chennai
Peshawri,5.0,Chennai
Royal Vega,4.5,Chennai
Madras Pavilion,4.5,Chennai
Dakshin,5.0,Chennai
Pan Asian,4.5,Chennai
Cafe Mercara Express,4.5,Chennai
Ottimo Cucina Italiana,4.5,Chennai
Broken Bridge Cafe Indian Restaurant by Radioroom,4.5,Chennai
Southern Spice,4.5,Chennai
The Flying Elephant,4.5,Chennai
Rhapsody,5.0,Chennai
MKC Madras Kitchen Company,4.5,Chennai
The Marina,4.5,Chennai
Annalakshmi Restaurant,4.5,Chennai
Up North,4.5,Chennai
Shabu Shabu San Bettei Hanare,5.0,Chennai
The Reef,5.0,Chennai
C Salt,5.0,Chennai
Avartana,5.0,Chennai
Willows Lounge Bar,5.0,Chennai
Winchester Bar,5.0,Chennai
Seasonal Tastes,4.5,Chennai
The Great Kabab Factory,5.0,Chennai
Cafe G,4.5,Chennai
Paprika Cafe,5.0,Chennai
Sunset Grill,5.0,Chennai
The Cheroot Malt Cigar Lounge,4.5,Chennai
The Residency,4.5,Chennai
Cappuccino,4.5,Chennai
Oasis Radisson Blu Hotel Chennai City Centre,4.5,Chennai
Peshawri,5.0,Chennai
Royal Vega,4.5,Chennai
Madras Pavilion,4.5,Chennai
Dakshin,5.0,Chennai
Pan Asian,4.5,Chennai
Cafe Mercara Express,4.5,Chennai
Ottimo Cucina Italiana,4.5,Chennai
Broken Bridge Cafe Indian Restaurant by Radioroom,4.5,Chennai
Southern Spice,4.5,Chennai
The Flying Elephant,4.5,Chennai
Rhapsody,5.0,Chennai
MKC Madras Kitchen Company,4.5,Chennai
The Marina,4.5,Chennai
Annalakshmi Restaurant,4.5,Chennai
Up North,4.5,Chennai
The Restaurant,4.5,Shimla
Hide Out Cafe,4.5,Shimla
Wake and Bake,4.5,Shimla
The Corner Cafe,5.0,Shimla
Cafe Simla Times,4.5,Shimla
Himachali Rasoi,4.5,Shimla
Cafe Sol,4.0,Shimla
Eighteen Cookhouse Bar,4.5,Shimla
The Central,4.5,Shimla
The Brew Estate Shimla,4.5,Shimla
Cafe Under Tree,4.5,Shimla
Sita Ram And Sons,4.5,Shimla
The Restaurant at the Oberoi Wildflower Hall,4.5,Shimla
Guptajees Vsishnav Bhojnalaya,4.0,Shimla
Goofa Ashiana Restaurant,3.5,Shimla
Hotel Combermere,4.0,Shimla
The EBR Cafe kitchen,5.0,Shimla
The Devicos,4.0,Shimla
Skybar Rooftop Bar Herbal Hookah Lounge,4.5,Shimla
Moti Mahal Delux Restaurant,4.5,Shimla
La Pinoz Pizza,4.0,Shimla
Tripti Restaurant,4.0,Shimla
Sher E Punjab,3.5,Shimla
Auntys Kitchen,4.0,Shimla
Cafe,4.5,Shimla
Bombay Bites BSquare Veg Nonveg Restaurant,4.0,Shimla
Amayaa,5.0,Shimla
Alfa Restaurant,3.5,Shimla
Scandal Delights,4.0,Shimla
PizzaDotCom Shimla,5.0,Shimla
Time Traveller,5.0,Bengaluru
Byg Brewski Brewing Company,4.5,Bengaluru
Ounces,5.0,Bengaluru
Tiamo,5.0,Bengaluru
Kebabs Kurries,5.0,Bengaluru
The Creek,5.0,Bengaluru
Karavalli Taj,4.5,Bengaluru
One Atria Cafe,5.0,Bengaluru
Lush,5.0,Bengaluru
Indian Durbar,5.0,Bengaluru
Lotus Pavilion,5.0,Bengaluru
Cubbon Pavilion,5.0,Bengaluru
Ssaffron,5.0,Bengaluru
The Bengaluru Brasserie,5.0,Bengaluru
Dublin,5.0,Bengaluru
Shang Palace,5.0,Bengaluru
The Raj Pavilion,5.0,Bengaluru
The Whiskey Bar,5.0,Bengaluru
Tamarind,5.0,Bengaluru
Spice Terrace,4.5,Bengaluru
Dum Pukht Jolly Nabobs,5.0,Bengaluru
Layla,5.0,Bengaluru
WBG Whitefield Bar and Grill,5.0,Bengaluru
Red Rhino Craft Brewery and Inspired Kitchen,4.5,Bengaluru
Mikusu,5.0,Bengaluru
Caraway Kitchen,5.0,Bengaluru
Dakshin,5.0,Bengaluru
Uppercut,5.0,Bengaluru
Saffron,5.0,Bengaluru
The Royal Afghan,5.0,Bengaluru
Ascot Multi Cuisine Restaurant at Ooty,5.0,Ooty
Le Cafe,5.0,Ooty
Earls Secret,4.5,Ooty
The Periodic Table,5.0,Ooty
Cliff Top,4.5,Ooty
Savoy IHCL SeleQtionsOoty Dining room,4.0,Ooty
Hotel Pankaj Bhojanalaya,4.0,Ooty
Hyderabad Biryani House,4.0,Ooty
Adayar Ananda Bhavan,4.0,Ooty
Angaara,4.5,Ooty
cocoapods,4.5,Ooty
Nahar Sidewalk Cafe,3.5,Ooty
Hyderabad Briyani House,4.0,Ooty
Willys Coffee Pub,4.5,Ooty
Ponmari Multicuisine Restaurant,4.0,Ooty
Pakwan India,4.5,Ooty
Hotel Junior Kuppanna Authentic NonVeg Kongu Style,4.0,Ooty
Jade Garden Chinese Restaurant,4.5,Ooty
Seasons,5.0,Ooty
Hotel Blue Hills Restaurant,4.0,Ooty
Nahar Residency Hotel Restaurant,3.5,Ooty
Cafe Coffee Day,4.0,Ooty
Kailash Parbat,4.5,Ooty
Ooty Coffee House,4.0,Ooty
The Garden Cafe,4.0,Ooty
Dominos Pizza,3.5,Ooty
Toda Cafe,4.0,Ooty
Hotel Coonoor Ramachandra Restaurant,4.0,Ooty
Jothi Vilas,4.0,Ooty
Quality Restaurant,3.5,Ooty
Cafe LakeSide,5.0,Nainital
Zoobys Kitchen,4.5,Nainital
Brittneys Cafe and Restaurant,5.0,Nainital
Giannis Pure Veg,4.5,Nainital
Sakleys Restaurant Pastry Shop,4.0,Nainital
Machan Restaurant,4.0,Nainital
Cafe Chica,4.5,Nainital
SherePunjab,4.0,Nainital
Nanak Restaurant,4.0,Nainital
Shiva Vegetarian Restaurant,4.5,Nainital
Embassy,3.5,Nainital
Chandani Chowk,4.0,Nainital
Honey Hut,4.0,Nainital
The Cask Cafe Bar,5.0,Nainital
Anupam Restaurant,4.5,Nainital
Pots Stones Cafe,4.0,Nainital
the Dhaba by Royal Kitchen,4.0,Nainital
Bakers Hut,4.0,Nainital
Purohit,3.5,Nainital
ShanEPunjab,4.0,Nainital
Muskotia Food,5.0,Nainital
Simz Cafe,4.5,Nainital
Saraswati Restaurant,4.5,Nainital
Dominos,4.0,Nainital
Cafe de Mall,4.0,Nainital
Neelesh Inn,4.0,Nainital
Green Oak Restaurant,5.0,Nainital
Eleven Lounge Cafe,5.0,Nainital
Old SherePunjab Restaurant,4.5,Nainital
Mantra Cafe,5.0,Nainital
Dekevas Restaurant,4.5,Darjeeling
Sonams Kitchen,4.5,Darjeeling
Tom Jerrys,4.5,Darjeeling
Kunga Restaurant,4.5,Darjeeling
Gattys Cafe,4.5,Darjeeling
Himalayan Coffee,4.5,Darjeeling
Nathmull Tea,4.5,Darjeeling
Hotel Lunnar,4.0,Darjeeling
Glenarys,4.0,Darjeeling
Keventers,4.0,Darjeeling
Hot Stimulating Cafe,4.5,Darjeeling
The Park Restaurant,4.0,Darjeeling
Hasty Tasty,3.5,Darjeeling
Nom Nom Bakery Cafe,4.5,Darjeeling
Nawangs Restaurant,4.5,Darjeeling
SuzAms Cafe n kitchen,5.0,Darjeeling
Golden Tips Tea Cosy,4.0,Darjeeling
Boneys Snack Bar,4.5,Darjeeling
The Junction,4.5,Darjeeling
shangrila,3.5,Darjeeling
Sunset Lounge the tea bar,4.5,Darjeeling
Cinnamon restaurant,4.0,Darjeeling
Goodricke the House of Tea,4.5,Darjeeling
The Orchid Dining Room,4.5,Darjeeling
KFC,4.0,Darjeeling
Lazeez Affaire,4.5,Darjeeling
Cafe Coffee Day,4.0,Darjeeling
Penang Restaurant Since,4.0,Darjeeling
Nanking restaurant,4.5,Darjeeling
Nanglo Cafe,5.0,Darjeeling
Amara,5.0,Hyderabad
Kebabs Kurries,5.0,Hyderabad
Deccan Pavilion,5.0,Hyderabad
Mekong,5.0,Hyderabad
Bidri,5.0,Hyderabad
Ottimo Cucina Italiana,5.0,Hyderabad
Feast,5.0,Hyderabad
Mist The Poolside Kitchen,5.0,Hyderabad
Yi Jing,5.0,Hyderabad
Dum Pukht Begums,5.0,Hyderabad
Golconda Pavilion,5.0,Hyderabad
Altitude Lounge Bar,5.0,Hyderabad
Jewel of Nizam The Minar,4.5,Hyderabad
Dakshin,5.0,Hyderabad
Kanak,5.0,Hyderabad
MoMo Cafe,5.0,Hyderabad
Jewel Of Nizam,4.5,Hyderabad
Zega,5.0,Hyderabad
Okra,5.0,Hyderabad
Saffron Soul,5.0,Hyderabad
Prego,4.5,Hyderabad
Kangan,4.5,Hyderabad
Indus Coffee Shop MultiCuisine Restaurant,5.0,Hyderabad
Mazzo,5.0,Hyderabad
Ohm,4.5,Hyderabad
TreForni,4.5,Hyderabad
Barbeque Nation,4.5,Hyderabad
Bawarchi,4.5,Hyderabad
Absolute Barbecues Jubilee Hills Hyderabad,4.5,Hyderabad
Casbah,5.0,Hyderabad
VARR Temple Food of India,5.0,Rishikesh
JAL JALEBI Beyond,5.0,Rishikesh
The Arches By Salvus,5.0,Rishikesh
Sitting Elephant,4.5,Rishikesh
Las Brisas,5.0,Rishikesh
Iras kitchen Tea Room,5.0,Rishikesh
Chatsang cafe,4.5,Rishikesh
Shivanis Cafe,5.0,Rishikesh
Ganga View Cafe,4.5,Rishikesh
The s Cafe The Beatles,4.5,Rishikesh
The FoodLoft,5.0,Rishikesh
Pure Soul Cafe Organic Kitchen,4.5,Rishikesh
Free Spirit cafe,4.5,Rishikesh
Bistro Nirvana,4.5,Rishikesh
A Tavola Con r,4.5,Rishikesh
Cafe Amrit Ganga,5.0,Rishikesh
Cafe Karma,4.5,Rishikesh
Vjs By The Ganges,5.0,Rishikesh
Cafe Power Of Thoughts The Best Ganga View Of Rishikesh,5.0,Rishikesh
Pundir General Store and Tattv Restaurant,4.5,Rishikesh
The Big Fiddler,5.0,Rishikesh
Mango Tree Garden,5.0,Rishikesh
Soul Kitchen Rishikesh,4.5,Rishikesh
Madras Cafe,4.0,Rishikesh
Mamma Mia Inn,5.0,Rishikesh
Little Buddha Cafe,4.0,Rishikesh
Latitude,4.5,Rishikesh
Rise and Shine Vegan Food,5.0,Rishikesh
The Pyramid Cafe GuestHouse,4.5,Rishikesh
Oasis Cafe by Salvus,4.5,Rishikesh
Chidya Ghar,5.0,Rishikesh
The Spot by Villa Shanti,4.5,Pondicherry
Finz,5.0,Pondicherry
Seashellz by Club Mahindra Puducherry,5.0,Pondicherry
Crepe in Touch,5.0,Pondicherry
LA VILLA,4.5,Pondicherry
Villa Shanti,4.5,Pondicherry
Coromandel Cafe,4.5,Pondicherry
Shyamas Kitchen,5.0,Pondicherry
Surguru,4.0,Pondicherry
Les Chefs,4.5,Pondicherry
New Banana Cafe Restaurant,4.5,Pondicherry
Cafe des Arts,4.0,Pondicherry
Surguru,4.0,Pondicherry
Cafe Xtasi,4.0,Pondicherry
Palais de Mahe,4.5,Pondicherry
LB Lounge Pondy,4.5,Pondicherry
The Indian Kaffe Express,4.0,Pondicherry
Maison Perumal Restaurant,4.5,Pondicherry
Sri Kamatchi Non Veg Hotel,4.0,Pondicherry
Le chateau,4.0,Pondicherry
DisDis Co,4.0,Pondicherry
The Smoothie Bar,4.5,Pondicherry
Le Dupleix Restaurant,4.0,Pondicherry
La Pasta World,4.5,Pondicherry
Dilliwaala,4.0,Pondicherry
Artika Cafe Gallery,4.5,Pondicherry
Theevu Plage,4.5,Pondicherry
Carte Blanche,4.0,Pondicherry
Surguru Spot,4.0,Pondicherry
ABAdyar Ananda Bhavan,3.5,Pondicherry
Level Sports Bar,5.0,Pondicherry
Shuffle Momos,5.0,Gangtok
The Coffee Shop Restaurant,4.5,Gangtok
Cafe Live Loud,4.5,Gangtok
Roll House,4.0,Gangtok
Bakers Cafe,4.0,Gangtok
Osm Restro Lounge,4.5,Gangtok
Taste of Tibet,4.0,Gangtok
Khan Uncles Biryani House,4.0,Gangtok
The Square,4.0,Gangtok
The Local Cafe,4.5,Gangtok
The Dragon Wok,4.0,Gangtok
Nimtho,4.5,Gangtok
Hotel SherEPunjab Family Restaurant Bar,4.0,Gangtok
Triptis,4.5,Gangtok
Pub,4.0,Gangtok
The Attic Lounge,5.0,Gangtok
Chopstick,4.0,Gangtok
Rhythm Wine Cafe,4.5,Gangtok
Cafe Infinity,4.5,Gangtok
Agarwals Sweets,4.0,Gangtok
Allens Kitchen,4.5,Gangtok
Cafe Fiction,4.5,Gangtok
Apna Dhaba,4.0,Gangtok
Snow Lion Restaurant,4.0,Gangtok
Thakali,4.0,Gangtok
Agarwal Pure Veg Restaurant,3.5,Gangtok
Rasoi Blue Sheep Restaurant,3.5,Gangtok
Cafe Culture,4.5,Gangtok
Food Court,3.5,Gangtok
cafe coffee day,4.0,Gangtok
Cafe De Piccolo,4.5,Dehradun
Black Pepper,4.0,Dehradun
Kalsang Cafe,4.0,Dehradun
Orchard,4.0,Dehradun
Anandam,4.0,Dehradun
Wild West Cafe Restaurant,5.0,Dehradun
The Terrace Four Points by Sheraton,4.0,Dehradun
Kumar Foods Restaurant,4.0,Dehradun
Gazebo Restaurant Party Lawn,4.5,Dehradun
Y Cafe Restaurant,4.5,Dehradun
Barbeque Nation,4.5,Dehradun
Salt and Cravings,4.5,Dehradun
The Swings Cafe A Family Restaurant Bar,4.5,Dehradun
my wifz place,4.0,Dehradun
South Indian Vibes,4.5,Dehradun
Punjab Grill,4.0,Dehradun
Big Bees Pizzeria Cafe,4.5,Dehradun
Kabila Restaurant,4.0,Dehradun
Zaffran Curries Biryani,5.0,Dehradun
First Gear Cafe,4.0,Dehradun
The Pines Cafe,5.0,Dehradun
Doon Darbar,4.0,Dehradun
Town Table,4.0,Dehradun
Monastery Cafe,5.0,Dehradun
Cafe Cibo,4.0,Dehradun
Cafe Marigold,4.0,Dehradun
Chhaya Cafe,4.5,Dehradun
Tavern Bar and Restaurant,4.5,Dehradun
Malabar Restaurant,5.0,Dehradun
PREZ,4.0,Dehradun
The Tibetan Kitchen,4.5,Leh
Chopsticks Noodle Bar,4.5,Leh
Bon Appetit,4.5,Leh
Gesmo Restaurant,4.0,Leh
Lamayuru Restaurant,4.0,Leh
Sorriso Pizza Meal Mastiyaan,4.5,Leh
Dreamland Restaurant,4.0,Leh
Tsas by Dolkhar,5.0,Leh
Bodhi Greens,5.0,Leh
Lehvenda Cafe,5.0,Leh
Coffee Culture,4.5,Leh
Alchi Kitchen,4.5,Leh
Bobs Cafe,4.5,Leh
World Garden Cafe,4.0,Leh
Neha Snacks,4.0,Leh
Wonderland,4.0,Leh
Sky Wok Ladakh,4.5,Leh
Summer Harvest,4.0,Leh
Kc Garden Restaurant,4.5,Leh
Willow Kitchen And Bar,5.0,Leh
Il Forno,3.5,Leh
The Turnip Pan Indian Restaurant,5.0,Leh
Bon Appetit Restaurant French Bakery,4.0,Leh
Chaska Maska,4.0,Leh
Namza Cafe Designer Store,4.5,Leh
Wanderers Terrace Cafe Leh,4.5,Leh
The Nook,4.5,Leh
Himalaya Cafe,4.0,Leh
Eclectic Kitchen,4.5,Leh
Red Sauce,5.0,Leh
Adalaj Pavilion,5.0,Ahmedabad
Royal Vega,5.0,Ahmedabad
The Great Kabab Factory,4.5,Ahmedabad
Timpani,5.0,Ahmedabad
Yi Jing,5.0,Ahmedabad
Kuro The Asian Bistro,5.0,Ahmedabad
Peshawri,5.0,Ahmedabad
China House,5.0,Ahmedabad
Emperor Lounge,5.0,Ahmedabad
R Kitchen,5.0,Ahmedabad
Shamiana,4.5,Ahmedabad
Silver Dine,5.0,Ahmedabad
Bayleaf,4.5,Ahmedabad
Essence All Day Dining,4.5,Ahmedabad
MoMo Cafe,4.5,Ahmedabad
Swati Snacks,4.5,Ahmedabad
Rajwadu,4.5,Ahmedabad
Barbeque Nation,4.5,Ahmedabad
Nonya By Taj Skyline Ahmedabad,5.0,Ahmedabad
Tinello,4.5,Ahmedabad
Agashiye,4.5,Ahmedabad
Atithi,4.5,Ahmedabad
Gordhan Thal,4.0,Ahmedabad
Vishalla,4.0,Ahmedabad
Gopi Dining Hall,4.0,Ahmedabad
Tomatos,4.0,Ahmedabad
Jassi De Parathe,4.5,Ahmedabad
New FreezeLand,4.5,Ahmedabad
Sasuji,4.0,Ahmedabad
Dravida,4.5,Ahmedabad
Stream Restaurant,4.5,Srinagar
Cafe Tulip,5.0,Srinagar
Lacima cafe and pizzeria,5.0,Srinagar
Ahdoos,4.0,Srinagar
Krishna Vaishno Dhaba,4.0,Srinagar
Shamyana Restaurant,4.0,Srinagar
Niramish,4.5,Srinagar
The Chinar at The LaLiT Grand Palace Srinagar,4.0,Srinagar
Nathu Sweets,4.0,Srinagar
Mughal Darbar,3.5,Srinagar
Chai Jaai,4.5,Srinagar
Earthen Oven Restaurant,4.5,Srinagar
Lhasa Restaurant,4.0,Srinagar
Jee Enn Bakery,4.5,Srinagar
Nedous Dining Room,4.0,Srinagar
Winterfell Cafe,4.5,Srinagar
Jade Dragon Vivanta Taj Hotel,4.0,Srinagar
Bistro Boulevard by Pincer Foods,4.0,Srinagar
Punjabi Tadka,4.0,Srinagar
cs cafe n fine dine,4.5,Srinagar
Wah Kabab,5.0,Srinagar
Wazwan,4.0,Srinagar
Creme,4.5,Srinagar
Wazwan Restaurant,4.5,Srinagar
Cafe de Lintz,4.0,Srinagar
Vishal Vaishno Dhaba,4.0,Srinagar
Delhi Rasoi,4.0,Srinagar
th Avenue Cafe Grill Bakeshop,4.0,Srinagar
Books Bricks Cafe,4.0,Srinagar
Hollywood Bakery,4.5,Srinagar
Chung Wah Restaurant,4.0,Puri
Honey Bee Bakery Pizzeria,4.0,Puri
Wildgrass Restaurant,4.0,Puri
Bhojohori manna,4.0,Puri
Victoria Club Hotel,4.5,Puri
The Gajapati,4.0,Puri
Agarwals Pure Veg Restaurant,4.0,Puri
Swaad Restaurant,4.0,Puri
New Parijat Restaurant,4.0,Puri
Pink House,4.0,Puri
Fusion,4.0,Puri
Dalmia Atithi Vihar,4.5,Puri
Bakers Boutique,4.0,Puri
Dominos Pizza,4.0,Puri
Peace Restaurant,4.0,Puri
The Restaurant at Puri Hotel,4.0,Puri
The Grand Regency,4.0,Puri
Radhika Restaurant,4.5,Puri
Phulpatna Ethnic Restaurant,4.5,Puri
Food Court,4.5,Puri
Ganguram Sweets,4.0,Puri
The Dining Car Chanakya BNR Hotel,4.0,Puri
Dalma,3.5,Puri
Puri Pet Pooja,4.5,Puri
Mamas Cafe,5.0,Puri
RASOI,4.0,Puri
Nandan aC Veg Restaurant,3.5,Puri
Smoke House,4.0,Puri
Bangalir Swade Ahlade,4.5,Puri
Nandan,4.0,Puri
Bonappetit Bakes n Fries Fast Food Restaurant,4.5,Dalhousie
Kwality,4.0,Dalhousie
The Bridge,5.0,Dalhousie
Cafe By Mongas,4.0,Dalhousie
Old SherePunjab Dhaba with Himachli Kitchen,4.0,Dalhousie
Brew Bakes Dalhousie,5.0,Dalhousie
The Dining Hut,5.0,Dalhousie
friends sherepunjab restaurant,4.5,Dalhousie
Illusion Lounge Bar,5.0,Dalhousie
Glory Hotel Restaurant,4.0,Dalhousie
Barista Cafe,5.0,Dalhousie
moti mahal restaurant,4.0,Dalhousie
Shiva Cafe,4.5,Dalhousie
Lovely Restaurant,3.5,Dalhousie
Big Chick Dalhousie,4.5,Dalhousie
CFC Eat and Treat,5.0,Dalhousie
Bawas Cafe,5.0,Dalhousie
Sip N Bite,5.0,Dalhousie
Manmahesh Rasoi Pure Vegetarian,4.0,Dalhousie
Old Sher E Punjab Restaurant,4.0,Dalhousie
Tangelo by Mastiff Dalhousie,5.0,Dalhousie
Barista Express,4.5,Dalhousie
Magic Tree Cafe,4.5,Dalhousie
The Kettle House Restaurant,4.0,Dalhousie
Stella Lounge Dalhousie,4.5,Dalhousie
city point fastfood,4.0,Dalhousie
Napoli Restaurant,4.0,Dalhousie
Forever Cafe,4.5,Dalhousie
Bunnys Resto Cafe,5.0,Dalhousie
Lalls Food Junction,4.0,Dalhousie
