name,rating,location
The Nawaabs,5.0 of 5 bubbles,Agra
1. Taj Bano,4.5 of 5 bubbles,Agra
2. Good Vibes Cafe,5.0 of 5 bubbles,Agra
3. Peshawri,4.5 of 5 bubbles,Agra
4. Tea'se Me,5.0 of 5 bubbles,Agra
5. Cafe' G,5.0 of 5 bubbles,Agra
6. Daawat-e-Nawab,5.0 of 5 bubbles,Agra
7. Treat Restaurant,5.0 of 5 bubbles,Agra
8. Taj Terrace,5.0 of 5 bubbles,Agra
9. Joney's Place,4.5 of 5 bubbles,Agra
10. The Salt Cafe Kitchen & Bar,5.0 of 5 bubbles,Agra
11. The Global Savour Restaurant,5.0 of 5 bubbles,Agra
12. Bambino Cafe And Restaurant,5.0 of 5 bubbles,Agra
13. D'Delicia,5.0 of 5 bubbles,Agra
14. Login Restaurant & Roof Top Cafe,5.0 of 5 bubbles,Agra
15. Bamboo Cafe,4.5 of 5 bubbles,Agra
16. Bob Marley Cafe & Restaurant,4.5 of 5 bubbles,Agra
17. Sheroes Hangout Cafe,4.5 of 5 bubbles,Agra
18. MoMo Cafe,4.5 of 5 bubbles,Agra
19. Masala Bistro,5.0 of 5 bubbles,Agra
20. Golden Street Restaurant,4.5 of 5 bubbles,Agra
21. In dish,5.0 of 5 bubbles,Agra
22. C'est Chine,4.5 of 5 bubbles,Agra
23. Dostea Cafe,5.0 of 5 bubbles,Agra
24. Yes Restaurant,5.0 of 5 bubbles,Agra
25. Green Park Restaurant,4.5 of 5 bubbles,Agra
26. Bon Barbecue Restaurant,4.5 of 5 bubbles,Agra
27. Sugar n Thyme,5.0 of 5 bubbles,Agra
28. Desi Cafe Agra,5.0 of 5 bubbles,Agra
29. Pind Balluchi,4.5 of 5 bubbles,Agra
30. Shankara Vegis Restaurant,4.5 of 5 bubbles,Agra
1. EAST-EAST ASIAN SPICE TRAIL,5.0 of 5 bubbles,Mumbai
2. Namak,5.0 of 5 bubbles,Mumbai
3. Mabruk,5.0 of 5 bubbles,Mumbai
4. Saptami,5.0 of 5 bubbles,Mumbai
5. Rasoi Kitchen & Bar,5.0 of 5 bubbles,Mumbai
6. Ummrao,5.0 of 5 bubbles,Mumbai
7. Kebabs & Kurries,5.0 of 5 bubbles,Mumbai
8. The Earth Plate,5.0 of 5 bubbles,Mumbai
9. Tanatan,5.0 of 5 bubbles,Mumbai
10. Peshawri,4.5 of 5 bubbles,Mumbai
11. Yeda Republic,5.0 of 5 bubbles,Mumbai
12. Ark Bar,5.0 of 5 bubbles,Mumbai
13. Shanghai Club,5.0 of 5 bubbles,Mumbai
14. Dakshin Coastal,4.5 of 5 bubbles,Mumbai
15. Manuhaar- The Taste of Tradition,5.0 of 5 bubbles,Mumbai
16. By the Mekong,4.5 of 5 bubbles,Mumbai
17. Nawab Saheb,5.0 of 5 bubbles,Mumbai
18. Gallery Cafe,5.0 of 5 bubbles,Mumbai
19. Hornby's Pavilion,5.0 of 5 bubbles,Mumbai
20. Fiona,5.0 of 5 bubbles,Mumbai
21. Citrus Cafe,5.0 of 5 bubbles,Mumbai
22. Peshwa Pavilion,5.0 of 5 bubbles,Mumbai
23. Tanatan,5.0 of 5 bubbles,Mumbai
24. Lake View Cafe,4.5 of 5 bubbles,Mumbai
25. The Sahib Room & Kipling Bar,4.5 of 5 bubbles,Mumbai
26. Pan Asian,5.0 of 5 bubbles,Mumbai
27. MoMo Cafe,4.5 of 5 bubbles,Mumbai
28. It's Mirchi,4.5 of 5 bubbles,Mumbai
29. Shamiana,4.5 of 5 bubbles,Mumbai
30. Mostly Grills,4.5 of 5 bubbles,Mumbai
1. Socorro,5.0 of 5 bubbles,Jaipur
2. Suvarna Mahal,5.0 of 5 bubbles,Jaipur
3. Monarch Restaurant,5.0 of 5 bubbles,Jaipur
4. House of Han,5.0 of 5 bubbles,Jaipur
5. Market Place,5.0 of 5 bubbles,Jaipur
6. Road House Bar and Grill,5.0 of 5 bubbles,Jaipur
7. The Rajput Room,5.0 of 5 bubbles,Jaipur
8. Steam,5.0 of 5 bubbles,Jaipur
9. The Royal Root,5.0 of 5 bubbles,Jaipur
10. The Verandah,5.0 of 5 bubbles,Jaipur
11. Cinnamon,5.0 of 5 bubbles,Jaipur
12. Dragon House,5.0 of 5 bubbles,Jaipur
13. Govindam Retreat,5.0 of 5 bubbles,Jaipur
14. Mosaic,5.0 of 5 bubbles,Jaipur
15. Hotel Sweet Dream Restaurant,5.0 of 5 bubbles,Jaipur
16. Marble Arch,5.0 of 5 bubbles,Jaipur
17. Giardino,5.0 of 5 bubbles,Jaipur
18. Mohan Mahal,5.0 of 5 bubbles,Jaipur
19. Topaz Restaurant - FineDine & SkyDeck (Candle Light),5.0 of 5 bubbles,Jaipur
20. Peshawri,4.5 of 5 bubbles,Jaipur
21. Tea House,5.0 of 5 bubbles,Jaipur
22. Indian Curry Palace,5.0 of 5 bubbles,Jaipur
23. Polo Bar,5.0 of 5 bubbles,Jaipur
"24. Karma Kasuri at Karma Haveli, Jaipur",5.0 of 5 bubbles,Jaipur
25. Sheesh Mahal Bar,5.0 of 5 bubbles,Jaipur
26. Hi-LiFE The Rooftop Grill,5.0 of 5 bubbles,Jaipur
27. Dagla - The Rooftop,5.0 of 5 bubbles,Jaipur
28. Daniel's Oriental Kitchen,5.0 of 5 bubbles,Jaipur
29. Rustic by OTH,5.0 of 5 bubbles,Jaipur
30. Hawk View Restaurant & Bar,5.0 of 5 bubbles,Jaipur
1. Aadha-Aadha Cafe,5.0 of 5 bubbles,Varanasi
2. Bowl of Compassion,5.0 of 5 bubbles,Varanasi
3. Sushi Cafe & Continental Restaurant,5.0 of 5 bubbles,Varanasi
4. Tadka at Ramada Plaza,5.0 of 5 bubbles,Varanasi
5. Vishnu Tea Emporium,5.0 of 5 bubbles,Varanasi
"6. The Palate at Ramada Plaza JHV, Cantonment",5.0 of 5 bubbles,Varanasi
7. Niyati Cafe,4.5 of 5 bubbles,Varanasi
8. Ashish Cafe,4.5 of 5 bubbles,Varanasi
9. Aum Cafe,4.5 of 5 bubbles,Varanasi
10. Dosa Cafe,4.5 of 5 bubbles,Varanasi
11. 1916 Cafe & Restaurant,5.0 of 5 bubbles,Varanasi
12. Shree Shivay Thali Dining Varanasi,4.5 of 5 bubbles,Varanasi
13. Spicy Bites,4.5 of 5 bubbles,Varanasi
14. Kashi Chat Bhandar,4.5 of 5 bubbles,Varanasi
15. Canton Royale Restaurant,4.5 of 5 bubbles,Varanasi
16. Shree cafe Vegatarian Restaurant,4.5 of 5 bubbles,Varanasi
17. Phulwari Restaurant and Sami Cafe,4.5 of 5 bubbles,Varanasi
18. Jyoti Cafe,4.5 of 5 bubbles,Varanasi
19. Itihaas Alley Kitchen,4.5 of 5 bubbles,Varanasi
20. El Parador,4.5 of 5 bubbles,Varanasi
21. Behind Yellow Doors Diner,5.0 of 5 bubbles,Varanasi
22. Kerala Cafe,4.5 of 5 bubbles,Varanasi
23. Pizzeria Vaatika Cafe,4.0 of 5 bubbles,Varanasi
24. Roma's Cafe Diner,4.5 of 5 bubbles,Varanasi
25. Mona Lisa Cafe,4.5 of 5 bubbles,Varanasi
26. Sparrow Cafe,4.5 of 5 bubbles,Varanasi
27. Nice Restaurant,5.0 of 5 bubbles,Varanasi
28. Brown Bread Bakery,4.0 of 5 bubbles,Varanasi
29. India Family Restaurant,4.5 of 5 bubbles,Varanasi
30. Varanasi Cafe Bakery & Restaurant,5.0 of 5 bubbles,Varanasi
Cafe 1986,4.0 of 5 bubbles,Manali
1. Southern Souls Cafe (PURE VEG),5.0 of 5 bubbles,Manali
2. The Pahadi,5.0 of 5 bubbles,Manali
3. Il Forno,4.5 of 5 bubbles,Manali
4. Ride Inn Cafe,5.0 of 5 bubbles,Manali
5. Johnson Bar & Restaurant,4.5 of 5 bubbles,Manali
6. The Corner House Restaurant and Bar,4.5 of 5 bubbles,Manali
7. The Johnson's Cafe,4.0 of 5 bubbles,Manali
8. Renaissance,5.0 of 5 bubbles,Manali
9. Cafe 1947,4.5 of 5 bubbles,Manali
10. Casa Bella Vista,4.5 of 5 bubbles,Manali
11. Drifters' Cafe,4.5 of 5 bubbles,Manali
12. Chopsticks,4.0 of 5 bubbles,Manali
13. The Lazy Dog,4.0 of 5 bubbles,Manali
14. Johnny's Pizza,5.0 of 5 bubbles,Manali
15. Pizza Olive,4.5 of 5 bubbles,Manali
16. Dylan's Toasted & Roasted Coffee House,4.5 of 5 bubbles,Manali
17. Fat Plate Cafe,4.0 of 5 bubbles,Manali
18. Cafe Amigos,4.5 of 5 bubbles,Manali
19. Himalayan Organics juice bar and cafe,5.0 of 5 bubbles,Manali
20. Mom's Kitchen,4.5 of 5 bubbles,Manali
21. Green Forest Cafe,4.5 of 5 bubbles,Manali
22. Cafe Evergreen Manali,4.5 of 5 bubbles,Manali
23. Vibes himachali cuisine,4.5 of 5 bubbles,Manali
24. Honey Hut - Manali,4.0 of 5 bubbles,Manali
25. Sunshine Cafe,4.5 of 5 bubbles,Manali
26. Saba,4.0 of 5 bubbles,Manali
27. Tasty Bite,5.0 of 5 bubbles,Manali
28. Mount View Restaurant,4.0 of 5 bubbles,Manali
29. Cafe Live,5.0 of 5 bubbles,Manali
30. Whispering Valley Resort,5.0 of 5 bubbles,Manali
1. Mosaic,5.0 of 5 bubbles,New Delhi
"2. Edesia, Crowne Plaza Today New Delhi Okhla",5.0 of 5 bubbles,New Delhi
3. Adrift Kaya New Delhi,5.0 of 5 bubbles,New Delhi
4. Raajsik,5.0 of 5 bubbles,New Delhi
5. Spice Art,5.0 of 5 bubbles,New Delhi
6. Thyme,5.0 of 5 bubbles,New Delhi
7. Tamra,5.0 of 5 bubbles,New Delhi
"8. Kiyan, The Roseate",5.0 of 5 bubbles,New Delhi
9. Spring,5.0 of 5 bubbles,New Delhi
10. Viva - All Day Dining,5.0 of 5 bubbles,New Delhi
11. Infinity,5.0 of 5 bubbles,New Delhi
12. Syrah,5.0 of 5 bubbles,New Delhi
13. Juniper Bar,5.0 of 5 bubbles,New Delhi
14. Cafe,5.0 of 5 bubbles,New Delhi
15. TK's Oriental Grill,4.5 of 5 bubbles,New Delhi
16. Dilli 32,5.0 of 5 bubbles,New Delhi
17. NYC - Radisson Blu Plaza Delhi,5.0 of 5 bubbles,New Delhi
18. The Hangar Lounge & Bar,5.0 of 5 bubbles,New Delhi
19. Kheer at Roseate House,5.0 of 5 bubbles,New Delhi
20. T Lounge,5.0 of 5 bubbles,New Delhi
21. AnnaMaya,5.0 of 5 bubbles,New Delhi
22. K3,5.0 of 5 bubbles,New Delhi
23. Shang Palace,5.0 of 5 bubbles,New Delhi
24. La Piazza,4.5 of 5 bubbles,New Delhi
25. Dakshin,4.5 of 5 bubbles,New Delhi
26. L'Osteria Bella,4.5 of 5 bubbles,New Delhi
27. The Great Kabab Factory,4.5 of 5 bubbles,New Delhi
28. Delhi Pavilion,5.0 of 5 bubbles,New Delhi
29. JW Lounge,5.0 of 5 bubbles,New Delhi
30. Chaobella,5.0 of 5 bubbles,New Delhi
The Salt House,4.0 of 5 bubbles,Kolkata
1. Avartana,5.0 of 5 bubbles,Kolkata
2. Ottimo Cucina Italiana,5.0 of 5 bubbles,Kolkata
3. Grand Market Pavilion,5.0 of 5 bubbles,Kolkata
4. Darjeeling Lounge,5.0 of 5 bubbles,Kolkata
5. Vertex - The Liquid Restaurant,5.0 of 5 bubbles,Kolkata
6. Royal Vega,5.0 of 5 bubbles,Kolkata
7. Social Kitchen,5.0 of 5 bubbles,Kolkata
8. Vintage Asia,5.0 of 5 bubbles,Kolkata
9. Seasonal Tastes,5.0 of 5 bubbles,Kolkata
10. Pan Asian,4.5 of 5 bubbles,Kolkata
11. Dum Pukht,4.5 of 5 bubbles,Kolkata
12. Eden Pavilion,4.5 of 5 bubbles,Kolkata
13. Peshawri,4.5 of 5 bubbles,Kolkata
14. First Innings - Multicuisine Restaurant,4.5 of 5 bubbles,Kolkata
15. Baan Thai,4.5 of 5 bubbles,Kolkata
16. Kava,5.0 of 5 bubbles,Kolkata
"17. Barbeque Nation Salt Lake, Sec 5",4.5 of 5 bubbles,Kolkata
18. JW Kitchen,4.5 of 5 bubbles,Kolkata
19. La Cucina,4.5 of 5 bubbles,Kolkata
20. Bar-B-Q,4.5 of 5 bubbles,Kolkata
21. Oh! Calcutta,4.5 of 5 bubbles,Kolkata
22. The Saffron Tree,5.0 of 5 bubbles,Kolkata
23. Oasis Restaurant,4.5 of 5 bubbles,Kolkata
24. Aromas,4.5 of 5 bubbles,Kolkata
25. Spice Kraft,4.5 of 5 bubbles,Kolkata
26. 6 Ballygunge Place,4.5 of 5 bubbles,Kolkata
27. Mainland China,4.0 of 5 bubbles,Kolkata
28. Arsalan,4.0 of 5 bubbles,Kolkata
29. Mocambo,4.0 of 5 bubbles,Kolkata
30. 3132,5.0 of 5 bubbles,Kolkata
Shabu Shabu San Bettei Hanare,5.0 of 5 bubbles,Chennai
1. The Reef,5.0 of 5 bubbles,Chennai
2. C Salt,5.0 of 5 bubbles,Chennai
3. Avartana,5.0 of 5 bubbles,Chennai
4. Willows Lounge Bar,5.0 of 5 bubbles,Chennai
5. Winchester Bar,5.0 of 5 bubbles,Chennai
6. Seasonal Tastes,4.5 of 5 bubbles,Chennai
7. The Great Kabab Factory,5.0 of 5 bubbles,Chennai
8. Cafe G,4.5 of 5 bubbles,Chennai
9. Paprika Cafe,5.0 of 5 bubbles,Chennai
10. Sunset Grill,5.0 of 5 bubbles,Chennai
11. The Cheroot Malt & Cigar Lounge,4.5 of 5 bubbles,Chennai
12. The Residency,4.5 of 5 bubbles,Chennai
13. Cappuccino,4.5 of 5 bubbles,Chennai
"14. Oasis, Radisson Blu Hotel, Chennai City Centre",4.5 of 5 bubbles,Chennai
15. Peshawri,5.0 of 5 bubbles,Chennai
16. Royal Vega,4.5 of 5 bubbles,Chennai
17. Madras Pavilion,4.5 of 5 bubbles,Chennai
18. Dakshin,5.0 of 5 bubbles,Chennai
19. Pan Asian,4.5 of 5 bubbles,Chennai
20. Cafe Mercara Express,4.5 of 5 bubbles,Chennai
21. Ottimo Cucina Italiana,4.5 of 5 bubbles,Chennai
22. Broken Bridge Cafe Indian Restaurant by Radioroom,4.5 of 5 bubbles,Chennai
23. Southern Spice,4.5 of 5 bubbles,Chennai
24. The Flying Elephant,4.5 of 5 bubbles,Chennai
25. Rhapsody,5.0 of 5 bubbles,Chennai
26. MKC - Madras Kitchen Company,4.5 of 5 bubbles,Chennai
27. The Marina,4.5 of 5 bubbles,Chennai
28. Annalakshmi Restaurant,4.5 of 5 bubbles,Chennai
29. Up North,4.5 of 5 bubbles,Chennai
Shabu Shabu San Bettei Hanare,5.0 of 5 bubbles,Chennai
1. The Reef,5.0 of 5 bubbles,Chennai
2. C Salt,5.0 of 5 bubbles,Chennai
3. Avartana,5.0 of 5 bubbles,Chennai
4. Willows Lounge Bar,5.0 of 5 bubbles,Chennai
5. Winchester Bar,5.0 of 5 bubbles,Chennai
6. Seasonal Tastes,4.5 of 5 bubbles,Chennai
7. The Great Kabab Factory,5.0 of 5 bubbles,Chennai
8. Cafe G,4.5 of 5 bubbles,Chennai
9. Paprika Cafe,5.0 of 5 bubbles,Chennai
10. Sunset Grill,5.0 of 5 bubbles,Chennai
11. The Cheroot Malt & Cigar Lounge,4.5 of 5 bubbles,Chennai
12. The Residency,4.5 of 5 bubbles,Chennai
13. Cappuccino,4.5 of 5 bubbles,Chennai
"14. Oasis, Radisson Blu Hotel, Chennai City Centre",4.5 of 5 bubbles,Chennai
15. Peshawri,5.0 of 5 bubbles,Chennai
16. Royal Vega,4.5 of 5 bubbles,Chennai
17. Madras Pavilion,4.5 of 5 bubbles,Chennai
18. Dakshin,5.0 of 5 bubbles,Chennai
19. Pan Asian,4.5 of 5 bubbles,Chennai
20. Cafe Mercara Express,4.5 of 5 bubbles,Chennai
21. Ottimo Cucina Italiana,4.5 of 5 bubbles,Chennai
22. Broken Bridge Cafe Indian Restaurant by Radioroom,4.5 of 5 bubbles,Chennai
23. Southern Spice,4.5 of 5 bubbles,Chennai
24. The Flying Elephant,4.5 of 5 bubbles,Chennai
25. Rhapsody,5.0 of 5 bubbles,Chennai
26. MKC - Madras Kitchen Company,4.5 of 5 bubbles,Chennai
27. The Marina,4.5 of 5 bubbles,Chennai
28. Annalakshmi Restaurant,4.5 of 5 bubbles,Chennai
29. Up North,4.5 of 5 bubbles,Chennai
1. The Restaurant,4.5 of 5 bubbles,Shimla
2. Hide Out Cafe,4.5 of 5 bubbles,Shimla
3. Wake and Bake,4.5 of 5 bubbles,Shimla
4. The Corner Cafe,5.0 of 5 bubbles,Shimla
5. Cafe Simla Times,4.5 of 5 bubbles,Shimla
6. Himachali Rasoi,4.5 of 5 bubbles,Shimla
7. Cafe Sol,4.0 of 5 bubbles,Shimla
8. Eighteen71- Cookhouse & Bar,4.5 of 5 bubbles,Shimla
9. 45 The Central,4.5 of 5 bubbles,Shimla
10. The Brew Estate Shimla,4.5 of 5 bubbles,Shimla
11. Cafe Under Tree,4.5 of 5 bubbles,Shimla
12. Sita Ram And Sons,4.5 of 5 bubbles,Shimla
13. The Restaurant at the Oberoi Wildflower Hall,4.5 of 5 bubbles,Shimla
14. Guptajees Vsishnav Bhojnalaya,4.0 of 5 bubbles,Shimla
15. Goofa Ashiana Restaurant,3.5 of 5 bubbles,Shimla
16. Hotel Combermere,4.0 of 5 bubbles,Shimla
17. The EBR Cafe & kitchen,5.0 of 5 bubbles,Shimla
18. The Devicos,4.0 of 5 bubbles,Shimla
19. Skybar - Rooftop Bar & Herbal Hookah Lounge,4.5 of 5 bubbles,Shimla
20. Moti Mahal Delux Restaurant,4.5 of 5 bubbles,Shimla
21. La Pino'z Pizza,4.0 of 5 bubbles,Shimla
22. Tripti Restaurant,4.0 of 5 bubbles,Shimla
23. Sher E Punjab,3.5 of 5 bubbles,Shimla
24. Aunty's Kitchen,4.0 of 5 bubbles,Shimla
25. Cafe 1873,4.5 of 5 bubbles,Shimla
26. Bombay Bites (B-Square) Veg & Non-veg Restaurant,4.0 of 5 bubbles,Shimla
27. Amayaa,5.0 of 5 bubbles,Shimla
28. Alfa Restaurant,3.5 of 5 bubbles,Shimla
29. Scandal Delights,4.0 of 5 bubbles,Shimla
30. PizzaDotCom Shimla,5.0 of 5 bubbles,Shimla
1. Time Traveller,5.0 of 5 bubbles,Bengaluru
2. Byg Brewski Brewing Company,4.5 of 5 bubbles,Bengaluru
3. 46 Ounces,5.0 of 5 bubbles,Bengaluru
4. Tiamo,5.0 of 5 bubbles,Bengaluru
5. Kebabs & Kurries,5.0 of 5 bubbles,Bengaluru
6. The Creek,5.0 of 5 bubbles,Bengaluru
7. Karavalli @ Taj,4.5 of 5 bubbles,Bengaluru
8. One Atria Cafe,5.0 of 5 bubbles,Bengaluru
9. Lush,5.0 of 5 bubbles,Bengaluru
10. Indian Durbar,5.0 of 5 bubbles,Bengaluru
11. Lotus Pavilion,5.0 of 5 bubbles,Bengaluru
12. Cubbon Pavilion,5.0 of 5 bubbles,Bengaluru
13. Ssaffron,5.0 of 5 bubbles,Bengaluru
14. The Bengaluru Brasserie,5.0 of 5 bubbles,Bengaluru
15. Dublin,5.0 of 5 bubbles,Bengaluru
16. Shang Palace,5.0 of 5 bubbles,Bengaluru
17. The Raj Pavilion,5.0 of 5 bubbles,Bengaluru
18. The Whiskey Bar,5.0 of 5 bubbles,Bengaluru
19. Tamarind,5.0 of 5 bubbles,Bengaluru
20. Spice Terrace,4.5 of 5 bubbles,Bengaluru
21. Dum Pukht Jolly Nabobs,5.0 of 5 bubbles,Bengaluru
22. Layla,5.0 of 5 bubbles,Bengaluru
23. WBG - Whitefield Bar and Grill,5.0 of 5 bubbles,Bengaluru
24. Red Rhino Craft Brewery and Inspired Kitchen,4.5 of 5 bubbles,Bengaluru
25. Mikusu,5.0 of 5 bubbles,Bengaluru
26. Caraway Kitchen,5.0 of 5 bubbles,Bengaluru
27. Dakshin,5.0 of 5 bubbles,Bengaluru
28. Uppercut,5.0 of 5 bubbles,Bengaluru
29. Saffron,5.0 of 5 bubbles,Bengaluru
30. The Royal Afghan,5.0 of 5 bubbles,Bengaluru
1. Ascot Multi Cuisine Restaurant at Ooty,5.0 of 5 bubbles,Ooty
2. Le Cafe,5.0 of 5 bubbles,Ooty
3. Earl's Secret,4.5 of 5 bubbles,Ooty
4. The Periodic Table,5.0 of 5 bubbles,Ooty
5. Cliff Top,4.5 of 5 bubbles,Ooty
"6. Savoy - IHCL SeleQtions,Ooty - Dining room",4.0 of 5 bubbles,Ooty
7. Hotel Pankaj Bhojanalaya,4.0 of 5 bubbles,Ooty
8. Hyderabad Biryani House,4.0 of 5 bubbles,Ooty
9. Adayar Ananda Bhavan,4.0 of 5 bubbles,Ooty
10. Angaara,4.5 of 5 bubbles,Ooty
11. cocoapods,4.5 of 5 bubbles,Ooty
12. Nahar Sidewalk Cafe,3.5 of 5 bubbles,Ooty
13. Hyderabad Briyani House,4.0 of 5 bubbles,Ooty
14. Willy's Coffee Pub,4.5 of 5 bubbles,Ooty
15. Ponmari Multicuisine Restaurant,4.0 of 5 bubbles,Ooty
16. Pakwan India,4.5 of 5 bubbles,Ooty
"17. Hotel Junior Kuppanna, Authentic NonVeg Kongu Style",4.0 of 5 bubbles,Ooty
18. Jade Garden Chinese Restaurant,4.5 of 5 bubbles,Ooty
19. Seasons,5.0 of 5 bubbles,Ooty
20. Hotel Blue Hills Restaurant,4.0 of 5 bubbles,Ooty
21. Nahar Residency Hotel Restaurant,3.5 of 5 bubbles,Ooty
22. Cafe Coffee Day,4.0 of 5 bubbles,Ooty
23. Kailash Parbat,4.5 of 5 bubbles,Ooty
24. Ooty Coffee House,4.0 of 5 bubbles,Ooty
25. The Garden Cafe,4.0 of 5 bubbles,Ooty
26. Domino's Pizza,3.5 of 5 bubbles,Ooty
27. Toda Cafe,4.0 of 5 bubbles,Ooty
28. Hotel Coonoor Ramachandra Restaurant,4.0 of 5 bubbles,Ooty
29. Jothi Vilas,4.0 of 5 bubbles,Ooty
30. Quality Restaurant,3.5 of 5 bubbles,Ooty
1. Cafe LakeSide,5.0 of 5 bubbles,Nainital
2. Zooby's Kitchen,4.5 of 5 bubbles,Nainital
3. Brittneys Cafe and Restaurant,5.0 of 5 bubbles,Nainital
4. Giannis Pure Veg,4.5 of 5 bubbles,Nainital
5. Sakley's Restaurant & Pastry Shop,4.0 of 5 bubbles,Nainital
6. Machan Restaurant,4.0 of 5 bubbles,Nainital
7. Cafe' Chica',4.5 of 5 bubbles,Nainital
8. Sher-e-Punjab,4.0 of 5 bubbles,Nainital
9. Nanak Restaurant,4.0 of 5 bubbles,Nainital
10. Shiva Vegetarian Restaurant,4.5 of 5 bubbles,Nainital
11. Embassy,3.5 of 5 bubbles,Nainital
12. Chandani Chowk,4.0 of 5 bubbles,Nainital
13. Honey Hut,4.0 of 5 bubbles,Nainital
14. The Cask Cafe & Bar,5.0 of 5 bubbles,Nainital
15. Anupam Restaurant,4.5 of 5 bubbles,Nainital
16. Pots & Stones Cafe,4.0 of 5 bubbles,Nainital
17. the Dhaba by Royal Kitchen,4.0 of 5 bubbles,Nainital
18. Baker's Hut,4.0 of 5 bubbles,Nainital
19. Purohit,3.5 of 5 bubbles,Nainital
20. Shan-E-Punjab,4.0 of 5 bubbles,Nainital
21. Muskotia Food,5.0 of 5 bubbles,Nainital
22. Simz Cafe,4.5 of 5 bubbles,Nainital
23. Saraswati Restaurant,4.5 of 5 bubbles,Nainital
24. Dominos,4.0 of 5 bubbles,Nainital
25. Cafe de Mall,4.0 of 5 bubbles,Nainital
26. Neelesh Inn,4.0 of 5 bubbles,Nainital
27. Green Oak Restaurant,5.0 of 5 bubbles,Nainital
28. Eleven Lounge Cafe,5.0 of 5 bubbles,Nainital
29. Old Sher-e-Punjab Restaurant,4.5 of 5 bubbles,Nainital
30. Mantra Cafe,5.0 of 5 bubbles,Nainital
1. Dekevas Restaurant,4.5 of 5 bubbles,Darjeeling
2. Sonam's Kitchen,4.5 of 5 bubbles,Darjeeling
3. Tom & Jerry's,4.5 of 5 bubbles,Darjeeling
4. Kunga Restaurant,4.5 of 5 bubbles,Darjeeling
5. Gatty's Cafe,4.5 of 5 bubbles,Darjeeling
6. Himalayan Coffee,4.5 of 5 bubbles,Darjeeling
7. Nathmull Tea,4.5 of 5 bubbles,Darjeeling
8. Hotel Lunnar,4.0 of 5 bubbles,Darjeeling
9. Glenary's,4.0 of 5 bubbles,Darjeeling
10. Keventers,4.0 of 5 bubbles,Darjeeling
11. Hot Stimulating Cafe,4.5 of 5 bubbles,Darjeeling
12. The Park Restaurant,4.0 of 5 bubbles,Darjeeling
13. Hasty Tasty,3.5 of 5 bubbles,Darjeeling
14. Nom Nom Bakery & Cafe,4.5 of 5 bubbles,Darjeeling
15. Nawangs Restaurant,4.5 of 5 bubbles,Darjeeling
16. SuzAm's Cafe n kitchen,5.0 of 5 bubbles,Darjeeling
17. Golden Tips Tea Cosy,4.0 of 5 bubbles,Darjeeling
18. Boney's Snack Bar,4.5 of 5 bubbles,Darjeeling
19. The Junction,4.5 of 5 bubbles,Darjeeling
20. shangri-la,3.5 of 5 bubbles,Darjeeling
"21. Sunset Lounge , the tea bar",4.5 of 5 bubbles,Darjeeling
22. Cinnamon restaurant,4.0 of 5 bubbles,Darjeeling
"23. Goodricke, the House of Tea",4.5 of 5 bubbles,Darjeeling
24. The Orchid Dining Room,4.5 of 5 bubbles,Darjeeling
25. KFC,4.0 of 5 bubbles,Darjeeling
26. Lazeez Affaire,4.5 of 5 bubbles,Darjeeling
27. Cafe Coffee Day,4.0 of 5 bubbles,Darjeeling
28. Penang Restaurant Since-1972,4.0 of 5 bubbles,Darjeeling
29. Nanking restaurant,4.5 of 5 bubbles,Darjeeling
30. Nanglo Cafe,5.0 of 5 bubbles,Darjeeling
1. Amara,5.0 of 5 bubbles,Hyderabad
2. Kebabs & Kurries,5.0 of 5 bubbles,Hyderabad
3. Deccan Pavilion,5.0 of 5 bubbles,Hyderabad
4. Mekong,5.0 of 5 bubbles,Hyderabad
5. Bidri,5.0 of 5 bubbles,Hyderabad
6. Ottimo Cucina Italiana,5.0 of 5 bubbles,Hyderabad
7. Feast,5.0 of 5 bubbles,Hyderabad
8. Mist The Poolside Kitchen,5.0 of 5 bubbles,Hyderabad
9. Yi Jing,5.0 of 5 bubbles,Hyderabad
10. Dum Pukht Begum's,5.0 of 5 bubbles,Hyderabad
11. Golconda Pavilion,5.0 of 5 bubbles,Hyderabad
12. Altitude - Lounge & Bar,5.0 of 5 bubbles,Hyderabad
13. Jewel of Nizam â€“ The Minar,4.5 of 5 bubbles,Hyderabad
14. Dakshin,5.0 of 5 bubbles,Hyderabad
15. Kanak,5.0 of 5 bubbles,Hyderabad
16. MoMo Cafe,5.0 of 5 bubbles,Hyderabad
17. Jewel Of Nizam,4.5 of 5 bubbles,Hyderabad
18. Zega,5.0 of 5 bubbles,Hyderabad
19. Okra,5.0 of 5 bubbles,Hyderabad
20. Saffron Soul,5.0 of 5 bubbles,Hyderabad
21. Prego,4.5 of 5 bubbles,Hyderabad
22. Kangan,4.5 of 5 bubbles,Hyderabad
23. Indus - Coffee Shop & Multi-Cuisine Restaurant,5.0 of 5 bubbles,Hyderabad
24. Mazzo,5.0 of 5 bubbles,Hyderabad
25. Ohm,4.5 of 5 bubbles,Hyderabad
26. Tre-Forni,4.5 of 5 bubbles,Hyderabad
27. Barbeque Nation,4.5 of 5 bubbles,Hyderabad
28. Bawarchi,4.5 of 5 bubbles,Hyderabad
"29. Absolute Barbecues - Jubilee Hills, Hyderabad",4.5 of 5 bubbles,Hyderabad
30. Casbah,5.0 of 5 bubbles,Hyderabad
1. VARR - Temple Food of India,5.0 of 5 bubbles,Rishikesh
2. JAL JALEBI & Beyond,5.0 of 5 bubbles,Rishikesh
3. The Arches By Salvus,5.0 of 5 bubbles,Rishikesh
4. Sitting Elephant,4.5 of 5 bubbles,Rishikesh
5. Las Brisas,5.0 of 5 bubbles,Rishikesh
6. Ira's kitchen & Tea Room,5.0 of 5 bubbles,Rishikesh
7. Chatsang cafe,4.5 of 5 bubbles,Rishikesh
8. Shivani's Cafe,5.0 of 5 bubbles,Rishikesh
9. Ganga View Cafe,4.5 of 5 bubbles,Rishikesh
10. The 60's Cafe (The Beatles),4.5 of 5 bubbles,Rishikesh
The FoodLoft,5.0 of 5 bubbles,Rishikesh
11. Pure Soul - Cafe & Organic Kitchen,4.5 of 5 bubbles,Rishikesh
12. Free Spirit cafe,4.5 of 5 bubbles,Rishikesh
13. Bistro Nirvana,4.5 of 5 bubbles,Rishikesh
14. A Tavola Con (r),4.5 of 5 bubbles,Rishikesh
15. Cafe Amrit Ganga,5.0 of 5 bubbles,Rishikesh
16. Cafe Karma,4.5 of 5 bubbles,Rishikesh
17. Vj's By The Ganges,5.0 of 5 bubbles,Rishikesh
18. Cafe Power Of Thoughts The Best Ganga View Of Rishikesh,5.0 of 5 bubbles,Rishikesh
19. Pundir General Store and Tattv Restaurant,4.5 of 5 bubbles,Rishikesh
20. The Big Fiddler,5.0 of 5 bubbles,Rishikesh
21. Mango Tree Garden,5.0 of 5 bubbles,Rishikesh
22. Soul Kitchen Rishikesh,4.5 of 5 bubbles,Rishikesh
23. Madras Cafe,4.0 of 5 bubbles,Rishikesh
24. Mamma Mia Inn,5.0 of 5 bubbles,Rishikesh
25. Little Buddha Cafe,4.0 of 5 bubbles,Rishikesh
26. Latitude,4.5 of 5 bubbles,Rishikesh
27. Rise and Shine Vegan Food,5.0 of 5 bubbles,Rishikesh
28. The Pyramid Cafe & Guest-House,4.5 of 5 bubbles,Rishikesh
29. Oasis Cafe by Salvus,4.5 of 5 bubbles,Rishikesh
30. Chidya Ghar,5.0 of 5 bubbles,Rishikesh
The Spot by Villa Shanti,4.5 of 5 bubbles,Pondicherry
1. Finz,5.0 of 5 bubbles,Pondicherry
2. Seashellz by Club Mahindra Puducherry,5.0 of 5 bubbles,Pondicherry
3. Crepe in Touch,5.0 of 5 bubbles,Pondicherry
4. LA VILLA,4.5 of 5 bubbles,Pondicherry
5. Villa Shanti,4.5 of 5 bubbles,Pondicherry
6. Coromandel Cafe,4.5 of 5 bubbles,Pondicherry
7. Shyama's Kitchen,5.0 of 5 bubbles,Pondicherry
8. Surguru,4.0 of 5 bubbles,Pondicherry
9. Les Chefs,4.5 of 5 bubbles,Pondicherry
10. New Banana Cafe &Restaurant,4.5 of 5 bubbles,Pondicherry
11. Cafe des Arts,4.0 of 5 bubbles,Pondicherry
12. Surguru,4.0 of 5 bubbles,Pondicherry
13. Cafe Xtasi,4.0 of 5 bubbles,Pondicherry
14. Palais de Mahe,4.5 of 5 bubbles,Pondicherry
15. LB2 Lounge Pondy,4.5 of 5 bubbles,Pondicherry
16. The Indian Kaffe Express,4.0 of 5 bubbles,Pondicherry
17. Maison Perumal Restaurant,4.5 of 5 bubbles,Pondicherry
18. Sri Kamatchi Non Veg Hotel,4.0 of 5 bubbles,Pondicherry
19. Le chateau,4.0 of 5 bubbles,Pondicherry
20. DisDis & Co,4.0 of 5 bubbles,Pondicherry
21. The Smoothie Bar,4.5 of 5 bubbles,Pondicherry
22. Le Dupleix Restaurant,4.0 of 5 bubbles,Pondicherry
23. La Pasta World,4.5 of 5 bubbles,Pondicherry
24. Dilliwaala 6,4.0 of 5 bubbles,Pondicherry
25. Artika Cafe Gallery,4.5 of 5 bubbles,Pondicherry
26. Theevu Plage,4.5 of 5 bubbles,Pondicherry
27. Carte Blanche,4.0 of 5 bubbles,Pondicherry
28. Surguru Spot,4.0 of 5 bubbles,Pondicherry
29. A2B-Adyar Ananda Bhavan,3.5 of 5 bubbles,Pondicherry
30. Level 4 Sports Bar,5.0 of 5 bubbles,Pondicherry
1. Shuffle Momos,5.0 of 5 bubbles,Gangtok
2. The Coffee Shop Restaurant,4.5 of 5 bubbles,Gangtok
3. Cafe Live & Loud,4.5 of 5 bubbles,Gangtok
4. Roll House,4.0 of 5 bubbles,Gangtok
5. Baker's Cafe,4.0 of 5 bubbles,Gangtok
6. Osm Restro & Lounge,4.5 of 5 bubbles,Gangtok
7. Taste of Tibet,4.0 of 5 bubbles,Gangtok
8. Khan Uncle's Biryani House,4.0 of 5 bubbles,Gangtok
9. The Square,4.0 of 5 bubbles,Gangtok
10. The Local Cafe,4.5 of 5 bubbles,Gangtok
11. The Dragon Wok,4.0 of 5 bubbles,Gangtok
12. Nimtho,4.5 of 5 bubbles,Gangtok
13. Hotel Sher-E-Punjab (Family Restaurant & Bar),4.0 of 5 bubbles,Gangtok
14. Tripti's,4.5 of 5 bubbles,Gangtok
15. Pub 25,4.0 of 5 bubbles,Gangtok
16. The Attic Lounge,5.0 of 5 bubbles,Gangtok
17. Chopstick,4.0 of 5 bubbles,Gangtok
18. Rhythm & Wine Cafe,4.5 of 5 bubbles,Gangtok
19. Cafe Infinity,4.5 of 5 bubbles,Gangtok
20. Agarwal's Sweets,4.0 of 5 bubbles,Gangtok
21. Allen's Kitchen,4.5 of 5 bubbles,Gangtok
22. Cafe Fiction,4.5 of 5 bubbles,Gangtok
23. Apna Dhaba,4.0 of 5 bubbles,Gangtok
24. Snow Lion Restaurant,4.0 of 5 bubbles,Gangtok
25. Thakali,4.0 of 5 bubbles,Gangtok
26. Agarwal Pure Veg Restaurant,3.5 of 5 bubbles,Gangtok
27. Rasoi (Blue Sheep) Restaurant,3.5 of 5 bubbles,Gangtok
28. Cafe Culture,4.5 of 5 bubbles,Gangtok
29. Food Court,3.5 of 5 bubbles,Gangtok
30. cafe coffee day,4.0 of 5 bubbles,Gangtok
1. Cafe De Piccolo,4.5 of 5 bubbles,Dehradun
2. Black Pepper,4.0 of 5 bubbles,Dehradun
3. Kalsang Cafe,4.0 of 5 bubbles,Dehradun
4. Orchard,4.0 of 5 bubbles,Dehradun
5. Anandam,4.0 of 5 bubbles,Dehradun
6. Wild West Cafe & Restaurant,5.0 of 5 bubbles,Dehradun
7. The Terrace Four Points by Sheraton,4.0 of 5 bubbles,Dehradun
8. Kumar Foods Restaurant,4.0 of 5 bubbles,Dehradun
9. Gazebo Restaurant & Party Lawn,4.5 of 5 bubbles,Dehradun
10. Y Cafe & Restaurant,4.5 of 5 bubbles,Dehradun
11. Barbeque Nation,4.5 of 5 bubbles,Dehradun
12. Salt and Cravings,4.5 of 5 bubbles,Dehradun
13. The Swings Cafe (A Family Restaurant & Bar),4.5 of 5 bubbles,Dehradun
14. my wifz place,4.0 of 5 bubbles,Dehradun
15. South Indian Vibes,4.5 of 5 bubbles,Dehradun
16. Punjab Grill,4.0 of 5 bubbles,Dehradun
17. Big Bee's Pizzeria & Cafe,4.5 of 5 bubbles,Dehradun
18. Kabila Restaurant,4.0 of 5 bubbles,Dehradun
19. Zaffran - Curries & Biryani,5.0 of 5 bubbles,Dehradun
20. First Gear Cafe,4.0 of 5 bubbles,Dehradun
21. The 3 Pines Cafe,5.0 of 5 bubbles,Dehradun
22. Doon Darbar,4.0 of 5 bubbles,Dehradun
23. Town Table,4.0 of 5 bubbles,Dehradun
24. Monastery Cafe,5.0 of 5 bubbles,Dehradun
25. Cafe Cibo,4.0 of 5 bubbles,Dehradun
26. Cafe Marigold,4.0 of 5 bubbles,Dehradun
27. Chhaya Cafe,4.5 of 5 bubbles,Dehradun
28. Tavern Bar and Restaurant,4.5 of 5 bubbles,Dehradun
29. Malabar Restaurant,5.0 of 5 bubbles,Dehradun
30. PREZ,4.0 of 5 bubbles,Dehradun
1. The Tibetan Kitchen,4.5 of 5 bubbles,Leh
2. Chopsticks Noodle Bar,4.5 of 5 bubbles,Leh
3. Bon Appetit,4.5 of 5 bubbles,Leh
4. Gesmo Restaurant,4.0 of 5 bubbles,Leh
5. Lamayuru Restaurant,4.0 of 5 bubbles,Leh
6. Sorriso Pizza & Meal Mastiyaan,4.5 of 5 bubbles,Leh
7. Dreamland Restaurant,4.0 of 5 bubbles,Leh
8. Tsas by Dolkhar,5.0 of 5 bubbles,Leh
9. Bodhi Greens,5.0 of 5 bubbles,Leh
10. Lehvenda Cafe,5.0 of 5 bubbles,Leh
11. Coffee Culture,4.5 of 5 bubbles,Leh
12. Alchi Kitchen,4.5 of 5 bubbles,Leh
13. Bob's Cafe,4.5 of 5 bubbles,Leh
14. World Garden Cafe,4.0 of 5 bubbles,Leh
15. Neha Snacks,4.0 of 5 bubbles,Leh
16. Wonderland,4.0 of 5 bubbles,Leh
17. Sky Wok Ladakh,4.5 of 5 bubbles,Leh
18. Summer Harvest,4.0 of 5 bubbles,Leh
19. Kc Garden Restaurant,4.5 of 5 bubbles,Leh
20. Willow Kitchen And Bar,5.0 of 5 bubbles,Leh
21. Il Forno,3.5 of 5 bubbles,Leh
22. The Turnip - Pan Indian Restaurant,5.0 of 5 bubbles,Leh
23. Bon Appetit Restaurant French Bakery,4.0 of 5 bubbles,Leh
24. Chaska Maska,4.0 of 5 bubbles,Leh
25. Namza Cafe & Designer Store,4.5 of 5 bubbles,Leh
26. Wanderers Terrace & Cafe - Leh,4.5 of 5 bubbles,Leh
27. The Nook,4.5 of 5 bubbles,Leh
28. Himalaya Cafe,4.0 of 5 bubbles,Leh
29. Eclectic Kitchen,4.5 of 5 bubbles,Leh
30. Red Sauce,5.0 of 5 bubbles,Leh
1. Adalaj Pavilion,5.0 of 5 bubbles,Ahmedabad
2. Royal Vega,5.0 of 5 bubbles,Ahmedabad
3. The Great Kabab Factory,4.5 of 5 bubbles,Ahmedabad
4. Timpani,5.0 of 5 bubbles,Ahmedabad
5. Yi Jing,5.0 of 5 bubbles,Ahmedabad
6. Kuro - The Asian Bistro,5.0 of 5 bubbles,Ahmedabad
7. Peshawri,5.0 of 5 bubbles,Ahmedabad
8. China House,5.0 of 5 bubbles,Ahmedabad
9. Emperor Lounge,5.0 of 5 bubbles,Ahmedabad
10. R Kitchen,5.0 of 5 bubbles,Ahmedabad
11. Shamiana,4.5 of 5 bubbles,Ahmedabad
12. Silver Dine,5.0 of 5 bubbles,Ahmedabad
13. Bayleaf,4.5 of 5 bubbles,Ahmedabad
14. Essence - All Day Dining,4.5 of 5 bubbles,Ahmedabad
15. MoMo Cafe,4.5 of 5 bubbles,Ahmedabad
16. Swati Snacks,4.5 of 5 bubbles,Ahmedabad
17. Rajwadu,4.5 of 5 bubbles,Ahmedabad
18. Barbeque Nation,4.5 of 5 bubbles,Ahmedabad
19. Nonya By Taj Skyline Ahmedabad,5.0 of 5 bubbles,Ahmedabad
20. Tinello,4.5 of 5 bubbles,Ahmedabad
21. Agashiye,4.5 of 5 bubbles,Ahmedabad
22. Atithi,4.5 of 5 bubbles,Ahmedabad
23. Gordhan Thal,4.0 of 5 bubbles,Ahmedabad
24. Vishalla,4.0 of 5 bubbles,Ahmedabad
25. Gopi Dining Hall,4.0 of 5 bubbles,Ahmedabad
26. Tomato's,4.0 of 5 bubbles,Ahmedabad
27. Jassi De Parathe,4.5 of 5 bubbles,Ahmedabad
28. New FreezeLand,4.5 of 5 bubbles,Ahmedabad
29. Sasuji,4.0 of 5 bubbles,Ahmedabad
30. Dravida,4.5 of 5 bubbles,Ahmedabad
1. Stream Restaurant,4.5 of 5 bubbles,Srinagar
2. Cafe Tulip,5.0 of 5 bubbles,Srinagar
3. Lacima cafe and pizzeria,5.0 of 5 bubbles,Srinagar
4. Ahdoos,4.0 of 5 bubbles,Srinagar
5. Krishna Vaishno Dhaba,4.0 of 5 bubbles,Srinagar
6. Shamyana Restaurant,4.0 of 5 bubbles,Srinagar
7. Niramish,4.5 of 5 bubbles,Srinagar
"8. The Chinar at The LaLiT Grand Palace, Srinagar",4.0 of 5 bubbles,Srinagar
9. Nathu Sweets,4.0 of 5 bubbles,Srinagar
10. Mughal Darbar,3.5 of 5 bubbles,Srinagar
11. Chai Jaai,4.5 of 5 bubbles,Srinagar
12. Earthen Oven Restaurant,4.5 of 5 bubbles,Srinagar
13. Lhasa Restaurant,4.0 of 5 bubbles,Srinagar
14. Jee Enn Bakery,4.5 of 5 bubbles,Srinagar
15. Nedous Dining Room,4.0 of 5 bubbles,Srinagar
16. Winterfell Cafe,4.5 of 5 bubbles,Srinagar
"17. Jade Dragon, Vivanta Taj Hotel",4.0 of 5 bubbles,Srinagar
18. Bistro Boulevard by Pincer Foods,4.0 of 5 bubbles,Srinagar
19. Punjabi Tadka,4.0 of 5 bubbles,Srinagar
20. 7cs cafe n fine dine,4.5 of 5 bubbles,Srinagar
21. Wah Kabab,5.0 of 5 bubbles,Srinagar
22. Wazwan,4.0 of 5 bubbles,Srinagar
23. Creme,4.5 of 5 bubbles,Srinagar
24. Wazwan Restaurant,4.5 of 5 bubbles,Srinagar
25. Cafe de Lintz,4.0 of 5 bubbles,Srinagar
26. Vishal Vaishno Dhaba,4.0 of 5 bubbles,Srinagar
27. Delhi Rasoi,4.0 of 5 bubbles,Srinagar
28. 14th Avenue Cafe Grill & Bakeshop,4.0 of 5 bubbles,Srinagar
29. Books & Bricks Cafe,4.0 of 5 bubbles,Srinagar
30. Hollywood Bakery,4.5 of 5 bubbles,Srinagar
1. Chung Wah Restaurant,4.0 of 5 bubbles,Puri
2. Honey Bee Bakery & Pizzeria,4.0 of 5 bubbles,Puri
3. Wildgrass Restaurant,4.0 of 5 bubbles,Puri
4. Bhojohori manna,4.0 of 5 bubbles,Puri
5. Victoria Club Hotel,4.5 of 5 bubbles,Puri
6. The Gajapati,4.0 of 5 bubbles,Puri
7. Agarwal's Pure Veg Restaurant,4.0 of 5 bubbles,Puri
8. Swaad Restaurant,4.0 of 5 bubbles,Puri
9. New Parijat Restaurant,4.0 of 5 bubbles,Puri
10. Pink House,4.0 of 5 bubbles,Puri
11. Fusion,4.0 of 5 bubbles,Puri
12. Dalmia Atithi Vihar,4.5 of 5 bubbles,Puri
13. Bakers Boutique,4.0 of 5 bubbles,Puri
14. Domino's Pizza,4.0 of 5 bubbles,Puri
15. Peace Restaurant,4.0 of 5 bubbles,Puri
16. The Restaurant at Puri Hotel,4.0 of 5 bubbles,Puri
17. The Grand Regency,4.0 of 5 bubbles,Puri
18. Radhika Restaurant,4.5 of 5 bubbles,Puri
19. Phulpatna Ethnic Restaurant,4.5 of 5 bubbles,Puri
20. Food Court,4.5 of 5 bubbles,Puri
21. Ganguram Sweets,4.0 of 5 bubbles,Puri
22. The Dining Car @ Chanakya BNR Hotel,4.0 of 5 bubbles,Puri
23. Dalma,3.5 of 5 bubbles,Puri
24. Puri Pet Pooja,4.5 of 5 bubbles,Puri
25. Mama's Cafe,5.0 of 5 bubbles,Puri
26. RASOI,4.0 of 5 bubbles,Puri
27. Nandan a/C Veg. Restaurant,3.5 of 5 bubbles,Puri
28. Smoke House,4.0 of 5 bubbles,Puri
29. Bangalir Swade Ahlade,4.5 of 5 bubbles,Puri
30. Nandan,4.0 of 5 bubbles,Puri
1. Bon-appetit Bakes n Fries Fast Food Restaurant,4.5 of 5 bubbles,Dalhousie
2. Kwality,4.0 of 5 bubbles,Dalhousie
3. The Bridge,5.0 of 5 bubbles,Dalhousie
4. Cafe By Mongas,4.0 of 5 bubbles,Dalhousie
5. Old Sher-e-Punjab Dhaba with Himachli Kitchen,4.0 of 5 bubbles,Dalhousie
6. Brew Bakes Dalhousie,5.0 of 5 bubbles,Dalhousie
7. The Dining Hut,5.0 of 5 bubbles,Dalhousie
8. friends sher-e-punjab restaurant,4.5 of 5 bubbles,Dalhousie
9. Illusion - Lounge Bar,5.0 of 5 bubbles,Dalhousie
10. Glory Hotel & Restaurant,4.0 of 5 bubbles,Dalhousie
11. Barista Cafe,5.0 of 5 bubbles,Dalhousie
12. moti mahal restaurant,4.0 of 5 bubbles,Dalhousie
13. Shiva Cafe,4.5 of 5 bubbles,Dalhousie
14. Lovely Restaurant,3.5 of 5 bubbles,Dalhousie
"15. Big Chick, Dalhousie",4.5 of 5 bubbles,Dalhousie
16. CFC Eat and Treat,5.0 of 5 bubbles,Dalhousie
17. Bawa's Cafe,5.0 of 5 bubbles,Dalhousie
18. Sip N Bite,5.0 of 5 bubbles,Dalhousie
19. Manmahesh Rasoi Pure Vegetarian,4.0 of 5 bubbles,Dalhousie
20. Old Sher E Punjab Restaurant,4.0 of 5 bubbles,Dalhousie
21. Tangelo by Mastiff Dalhousie,5.0 of 5 bubbles,Dalhousie
22. Barista Express,4.5 of 5 bubbles,Dalhousie
23. Magic Tree Cafe,4.5 of 5 bubbles,Dalhousie
24. The Kettle House Restaurant,4.0 of 5 bubbles,Dalhousie
25. Stella Lounge Dalhousie,4.5 of 5 bubbles,Dalhousie
26. city point fastfood,4.0 of 5 bubbles,Dalhousie
27. Napoli Restaurant,4.0 of 5 bubbles,Dalhousie
28. Forever Cafe,4.5 of 5 bubbles,Dalhousie
29. Bunny's Resto Cafe,5.0 of 5 bubbles,Dalhousie
30. Lall's Food Junction,4.0 of 5 bubbles,Dalhousie
